Country,Year,Production
Argentina,1983,767
Argentina,1987,982
Argentina,1989,1150
Argentina,1990,1399
Australia,1981,18374
Australia,1988,156950
Australia,1989,203563
Australia,1990,242420
Australia,1991,235990
Bolivia,1984,1270
Bolivia,1987,2806
Botswana,1983,11
Botswana,1988,21
Burkina Faso,1986,3021
Burundi,1981,3
Burundi,1984,35
Burundi,1985,25
Burundi,1987,30
Burundi,1990,8
Cameroon,1984,8
Cameroon,1986,8
Canada,1985,87561
Canada,1987,117227
Central African Republic,1988,382
Chile,1982,16907
Chile,1986,17947
China,1988,78000
Colombia,1985,35533
Colombia,1986,39996
Colombia,1988,29020
Congo,1985,13
Costa Rica,1986,362
Dominican Republic,1988,6335
Ecuador,1984,1800
Ecuador,1991,12200
Ethiopia,1985,918
Ethiopia,1986,923
Ethiopia,1987,643
Ethiopia,1989,746
Ethiopia,1990,848
Fiji,1983,1246
Fiji,1985,1888
Fiji,1986,2856
Finland,1989,1785
France,1987,2225
Gabon,1981,20
Gabon,1987,79
German Democratic Rep,1990,0
German Federal Republic,1983,60
German Federal Republic,1990,0
Ghana,1984,8923
Ghana,1990,16563
Guyana,1983,143
Guyana,1986,436
Guyana,1991,1843
Honduras,1981,55
Honduras,1988,123
Honduras,1989,75
India,1982,2244
India,1985,1850
India,1987,1864
India,1991,1973
Indonesia,1981,1617
Iran,1991,800
Japan,1984,3220
Japan,1989,6097
Japan,1990,7303
Kenya,1989,16
Korea (Rep. of),1984,2462
Korea (Rep. of),1985,2403
Korea (Rep. of),1986,4649
Korea,,
Korea,,
Korea,,
Liberia,1981,525
Liberia,1983,449
Mali,1984,500
Mali,1985,500
Mali,1986,500
Mauritania,1988,0
Mexico,1981,6319
Mexico,1984,7058
Mexico,1988,9098
Mozambique,1991,394
Myanmar,1991,35
Namibia,1987,172
Namibia,1991,1850
New Zealand,1981,189
New Zealand,1982,242
New Zealand,1988,2404
New Zealand,1991,6758
Nicaragua,1990,1058
Oman,1991,58
Papua New Guinea,1981,16972
Papua New Guinea,1982,17775
Papua New Guinea,1986,37305
Papua New Guinea,1988,38089
Papua New Guinea,1991,60782
Peru,1984,5829
Philippines,1984,25727
Philippines,1987,32780
Philippines,1990,24591
Portugal,1987,320
Portugal,1989,294
Romania,1984,2000
Saudi Arabia,1991,4808
Sierra Leone,1981,123
Sierra Leone,1990,32
Solomon Islands,1981,33
Solomon Islands,1983,35
Solomon Islands,1985,29
Solomon Islands,1986,98
Solomon Islands,1988,50
Solomon Islands,1989,39
South Africa,1981,657670
South Africa,1982,664420
South Africa,1989,607474
Soviet Union,1984,300000
Spain,1982,3742
Spain,1986,4092
Spain,1989,7719
Sudan,1985,52
Sudan,1989,150
Sudan,1991,150
Sweden,1981,2039
Sweden,1982,2447
Sweden,1983,3369
Sweden,1985,4631
Sweden,1987,4108
Taiwan,1983,1629
Taiwan,1984,1176
Taiwan,1988,237
Taiwan,1991,0
Tanzania,1981,9
Tanzania,1986,85
Tanzania,1988,164
Tanzania,1990,1643
Tanzania,1991,3851
USA,1981,42898
USA,1985,75497
USA,1989,265731
USA,1991,294062
Venezuela,1982,902
Venezuela,1986,2511
Yugoslavia,1983,4238
Yugoslavia,1986,4498
Yugoslavia,1988,4620
Yugoslavia,1989,4349
Yugoslavia,1991,6920
Zaire,1982,1869
Zaire,1984,3644
Zaire,1986,1958
Zambia,1981,328
Zambia,1984,379
Zimbabwe,1985,14691
Argentina,1995,837
Argentina,1998,20400
Argentina,2001,30630
Armenia,1992,500
Armenia,1994,500
Australia,2001,280080
Botswana,1993,192
Botswana,2000,4
Brazil,1992,85862
Brazil,1996,55041
Brazil,1998,46031
Brazil,2000,50393
Bulgaria,1997,1713
Bulgaria,2002,2612
Burkina Faso,1997,1089
Burundi,1995,3819
Cameroon,1993,10
Cameroon,1999,1000
Cameroon,2002,700
Canada,2001,160200
Canada,2002,152059
China,1995,127611
China,2001,181870
China,2002,202000
Colombia,1992,32118
Colombia,1996,22073
Congo,2002,10
Congo,,
Congo,,
Costa Rica,1992,250
Costa Rica,1993,260
Costa Rica,1995,464
Costa Rica,1997,733
Costa Rica,2001,100
Czech Republic,1994,75
Ecuador,2001,3005
Eritrea,1998,573
Eritrea,2002,0
Ethiopia,1992,2224
Ethiopia,1993,3387
Ethiopia,1995,1183
Ethiopia,2001,3862
Fiji,1998,3758
Finland,1993,304
Finland,1994,963
Finland,1998,2370
France,1995,5931
France (French Guiana),1995,2470
Gabon,2002,70
Georgia,1992,1500
Ghana,1993,38603
Ghana,1995,51330
Greenland,2001,0
Greenland,2002,0
Guatemala,2000,4500
Guatemala,2002,4500
Guinea,1994,5617
Guinea,2000,15748
Guinea,2001,16256
Guyana,1993,9635
Guyana,1997,13577
Guyana,1998,14146
Honduras,1994,106
Honduras,1995,111
Hungary,1992,500
Hungary,1994,200
India,1994,2373
Indonesia,1994,45597
Indonesia,1999,129032
Indonesia,2001,166090
Iran,1992,1000
Ivory Coast,1996,1883
Ivory Coast,1997,2419
Ivory Coast,2001,3672
Jamaica,2000,44
Japan,1996,8627
Japan,1999,9399
Kazakhstan,1999,9655
Korea (Rep. of),1994,1374
Korea (Rep. of),1996,995
Korea (Rep. of),2000,13
Kyrgyzstan,1993,1140
Kyrgyzstan,1996,1580
Kyrgyzstan,2001,24670
Laos,1999,0
Liberia,1996,700
Madagascar,2002,2802
Malaysia,1996,2829
Malaysia,2000,4026
Malaysia,2001,3965
Mali,1997,16323
Mexico,1992,10412
Mexico,1996,24477
Mexico,2000,26375
Mexico,2002,21324
Mongolia,1994,1742
Mongolia,1995,4504
Morocco,1997,450
Mozambique,1992,296
Mozambique,1994,336
Mozambique,2000,23
Myanmar,1992,31
Myanmar,1994,164
Myanmar,1995,97
Myanmar,1999,116
Myanmar,2000,100
Namibia,2000,2455
Namibia,2002,2947
New Zealand,1992,10531
New Zealand,1996,11571
New Zealand,1999,8903
Nicaragua,1992,1188
Nicaragua,1994,1045
Nicaragua,1999,4448
Niger,2000,25
Nigeria,1999,40
Oman,1999,597
Panama,1996,834
Panama,1997,1202
Panama,1998,1517
Papua New Guinea,1992,71190
Papua New Guinea,2000,74540
Peru,1992,24242
Peru,1994,47800
Peru,2002,157298
Philippines,1995,27026
Philippines,1998,34049
Philippines,2001,33841
Poland,1997,375
Poland,1999,489
Rwanda,1993,1000
Rwanda,1994,100
Saudi Arabia,1998,5153
Saudi Arabia,2000,3637
Saudi Arabia,2001,2500
Serbia and Montenegro,1999,1260
Serbia and Montenegro,2002,858
Sierra Leone,1992,93
Sierra Leone,1994,111
Slovakia,1997,458
Solomon Islands,1999,3426
South Africa,1993,619325
South Africa,2001,394757
Spain,1993,8500
Spain,1999,5203
Sudan,1993,1600
Sudan,1998,5671
Sudan,1999,5565
Sudan,2000,5773
Suriname,2001,0
Sweden,1994,6364
Sweden,1997,6777
Sweden,1998,5944
Sweden,2000,3570
Sweden,2002,5757
Tajikistan,1996,1450
Tanzania,1994,2861
Tanzania,1996,318
Turkey,1997,1000
Turkey,2002,4500
USA,1996,326456
USA,1999,341481
USA,2001,335000
Uganda,1992,18
Uganda,1996,5067
Uruguay,1999,2392
Uruguay,2001,2083
Uzbekistan,1998,81000
Venezuela,2001,9076
Vietnam,1996,2000
Zambia,1993,267
Zimbabwe,1995,23959
Zimbabwe,2000,22007
Algeria,2004,597
Argentina,2003,29748
Argentina,2006,44131
Argentina,2009,48824
Argentina,2010,63523
Armenia,2003,1800
Armenia,2013,2324
Australia,2012,250441
Azerbaijan,2007,0
Azerbaijan,2012,1562
Bolivia,2011,11035
Bolivia,2012,12000
Botswana,2004,162
Botswana,2009,1626
Botswana,2011,1562
Brazil,2008,54000
Brazil,2013,79563
Bulgaria,2006,3818
Burkina Faso,2013,32994
Burundi,2007,2423
Cameroon,2010,600
Canada,2006,104448
Canada,2011,102624
Chile,2003,38954
Chile,2007,41528
Chile,2011,45137
China,2004,212350
China,2013,428163
Colombia,2004,37738
Colombia,2007,15483
Colombia,2013,55968
Congo,2005,35
Congo,,
Costa Rica,2007,1221
Costa Rica,2008,154
Costa Rica,2012,0
Dominican Republic,2005,0
Ecuador,2006,5168
Ecuador,2012,5139
Egypt,2012,8175
Equatorial Guinea,2012,200
Eritrea,2007,87
Ethiopia,2003,3875
Ethiopia,2004,3490
Ethiopia,2006,3828
Fiji,2010,1903
Fiji,2013,1218
Finland,2006,1326
Finland,2012,9100
France,2003,1470
France (French Guiana),2004,2759
France (French Guiana),2010,1160
France (French Guiana),2013,6220
Gabon,2004,300
Georgia,2005,1620
Georgia,2011,3100
Ghana,2005,66852
Ghana,2010,92380
Guinea,2009,17545
Guinea,2012,16154
Guyana,2003,12171
Guyana,2007,7412
Honduras,2013,1985
India,2007,2969
India,2011,2194
Indonesia,2004,92936
Indonesia,2007,117854
Indonesia,2011,77722
Iran,2008,300
Ivory Coast,2009,6947
Ivory Coast,2011,11009
Ivory Coast,2012,13000
Jamaica,2003,146
Japan,2004,7936
Japan,2006,8904
Japan,2009,7709
Japan,2012,7232
Kazakhstan,2008,20825
Kazakhstan,2012,40006
Kenya,2009,1055
Korea (Rep. of),2003,528
Korea (Rep. of),2005,260
Korea,,
Korea,,
Korea,,
Kyrgyzstan,2008,18200
Laos,2004,4392
Laos,2008,4333
Laos,2013,6838
Madagascar,2009,17
Malaysia,2004,4221
Malaysia,2010,3766
Mali,2005,49230
Mexico,2005,26782
Mexico,2009,62439
Mongolia,2004,19418
Mongolia,2006,21267
Mongolia,2011,5703
Morocco,2003,1863
Morocco,2004,1493
Morocco,2009,470
Morocco,2010,650
Mozambique,2007,97
Mozambique,2008,298
Mozambique,2009,511
Mozambique,2010,106
Myanmar,2003,100
Myanmar,2006,100
Myanmar,2008,100
Myanmar,2009,100
Myanmar,2013,893
Namibia,2007,2488
Namibia,2008,2115
Namibia,2010,2683
Namibia,2011,2112
Namibia,2013,2038
New Zealand,2012,10049
Nicaragua,2005,3674
Nicaragua,2006,3395
Nicaragua,2007,3330
Nicaragua,2012,6981
Niger,2005,4962
Niger,2011,1957
Nigeria,2004,30
Nigeria,2008,2890
Nigeria,2013,6261
Panama,2007,0
Papua New Guinea,2005,68200
Papua New Guinea,2007,57549
Peru,2007,170128
Philippines,2010,40847
Philippines,2011,31120
Poland,2004,527
Poland,2005,713
Poland,2009,600
Poland,2011,400
Poland,2013,431
Romania,2003,1878
Romania,2004,1430
Romania,2006,500
Romania,2010,500
Romania,2011,500
Russia,2005,163186
Russia,2009,205236
Russia,2013,214700
Rwanda,2012,0
Senegal,2004,600
Senegal,2005,600
Senegal,2006,600
Senegal,2008,600
Serbia,2004,0
Serbia,2006,330
Serbia,2010,856
Serbia,2012,900
Sierra Leone,2008,196
Sierra Leone,2010,270
Slovakia,2009,346
Slovakia,2010,534
Solomon Islands,2006,20
Solomon Islands,2011,1588
Solomon Islands,2013,1826
South Sudan,2013,200
Sudan,2003,5500
Sudan,2007,2701
Sudan,2009,14914
Suriname,2004,8513
Sweden,2004,6564
Sweden,2013,6530
Taiwan,2004,0
Tajikistan,2010,2049
Tajikistan,2011,2240
Thailand,2003,4269
Togo,2007,10159
Togo,2009,12955
Turkey,2011,24000
USA,2006,251853
United Kingdom,2007,88
United Kingdom,2011,202
Uruguay,2004,1758
Uruguay,2005,2930
Uruguay,2007,3172
Uruguay,2009,2010
Uzbekistan,2004,88350
Uzbekistan,2008,73000
Uzbekistan,2009,73000
Uzbekistan,2011,91000
Vietnam,2005,3000
Vietnam,2006,124
Vietnam,2009,489
Vietnam,2011,1333
Zambia,2003,140
Zambia,2004,0
Zambia,2009,3108
Zambia,2010,3410
Zambia,2013,5207
Zimbabwe,2011,12949
Algeria,2017,137
Algeria,2021,71
Angola,2017,0
Angola,2020,59
Angola,2021,35
Angola,2022,80
Argentina,2014,60170
Armenia,2018,4908
Australia,2015,277372
Australia,2017,292022
Australia,2022,306320
Benin,2016,7
Benin,2020,5
Bolivia,2015,22208
Bolivia,2018,31599
Bolivia,2021,45662
Bolivia,2022,53374
Botswana,2021,650
Brazil,2014,81038
Brazil,2019,75000
Bulgaria,2016,7918
Bulgaria,2020,9590
Burkina Faso,2020,62470
Burundi,2018,1898
Burundi,2022,900
Cambodia,2020,0
Cameroon,2017,713
Cameroon,2020,450
Central African Republic,2014,7
Central African Republic,2016,33
Central African Republic,2018,142
Central African Republic,2021,858
Central African Republic,2022,1507
Chad,2014,10
Chile,2021,34248
China,2014,451799
China,2022,372048
Colombia,2015,59638
Colombia,2017,43158
Colombia,2018,35965
Colombia,2021,55321
Congo,2014,150
Congo,2017,150
Congo,2020,150
Congo,,
Congo,,
Costa Rica,2015,950
Cyprus,2016,0
Cyprus,2019,33
Cyprus,2021,0
Ecuador,2014,7322
Ecuador,2017,6368
Ecuador,2020,9086
Equatorial Guinea,2017,200
Eritrea,2016,1400
Eritrea,2017,2700
Eritrea,2018,3768
Eritrea,2019,2443
Eritrea,2021,2200
Eswatini (Swaziland),2017,0
Eswatini (Swaziland),2020,1
Eswatini (Swaziland),2022,0
Ethiopia,2015,9370
Fiji,2014,1188
Fiji,2018,1281
Finland,2015,8342
Finland,2017,9102
France (French Guiana),2017,8000
Georgia,2015,3100
Georgia,2018,4299
Georgia,2020,5401
Georgia,2022,4908
Greece,2015,510
Guinea,2014,23465
Guinea,2018,25086
India,2014,1441
India,2015,1323
India,2019,1724
Indonesia,2021,78996
Iran,2015,2358
Iran,2017,7100
Ivory Coast,2019,32568
Japan,2016,6455
Japan,2019,6312
Kazakhstan,2022,129583
Korea,,
Korea,,
Kyrgyzstan,2015,17600
Kyrgyzstan,2021,20200
Laos,2016,6729
Laos,2018,5579
Laos,2021,3940
Liberia,2017,6071
Liberia,2022,11718
Malaysia,2018,2978
Malaysia,2020,1716
Mali,2016,48200
Mali,2019,63000
Mauritania,2014,9625
Mauritania,2020,14125
Mongolia,2018,20700
Mongolia,2019,16200
Mongolia,2022,19400
Morocco,2015,448
Morocco,2018,386
Morocco,2021,147
Mozambique,2019,430
Myanmar,2014,1312
Myanmar,2016,1446
Myanmar,2018,1620
New Zealand,2017,10288
New Zealand,2020,5860
New Zealand,2022,6674
Nicaragua,2015,7612
Nicaragua,2016,8391
Niger,2014,732
Niger,2017,914
Niger,2019,5224
Nigeria,2014,6300
Nigeria,2015,15000
Nigeria,2020,5000
North Macedonia,2017,972
North Macedonia,2019,593
North Macedonia,2021,500
Panama,2016,100
Panama,2020,2733
Panama,2021,4505
Papua New Guinea,2017,65246
Papua New Guinea,2018,67562
Peru,2021,96586
Poland,2022,769
Russia,2014,249100
Russia,2015,256500
Russia,2016,253200
Russia,2018,279900
Rwanda,2017,8800
Saudi Arabia,2017,10333
Saudi Arabia,2019,12258
Senegal,2014,6588
Senegal,2015,7800
Senegal,2016,9700
Serbia,2018,839
Serbia,2019,1452
Sierra Leone,2017,142
Sierra Leone,2021,117
South Africa,2015,144515
South Africa,2016,142077
South Africa,2017,136833
South Africa,2021,105019
South Sudan,2016,200
Spain,2014,1958
Spain,2018,1991
Spain,2021,1400
Sudan,2015,82400
Sweden,2015,6028
Sweden,2021,8805
Taiwan,2014,5
Taiwan,2017,4
Taiwan,2019,6
Taiwan,2022,1
Tajikistan,2018,6432
Tanzania,2015,43293
Tanzania,2017,43489
Tanzania,2019,48408
Thailand,2016,4250
Togo,2021,3600
Turkey,2015,27800
Turkey,2020,42100
USA,2015,213826
USA,2020,193000
Uruguay,2015,1480
Uruguay,2017,1062
Venezuela,2018,10785
Vietnam,2019,540
Vietnam,2021,664
Zambia,2020,3994
Zimbabwe,2016,22747
Zimbabwe,2017,23929
Zimbabwe,2022,37225
Angola,1972,1
Angola,1976,31
Australia,1970,19282
Australia,1973,17174
Bolivia,1971,690
Brazil,1979,4460
Burundi,1974,11
Burundi,1975,11
Cambodia,1973,124
Cameroon,1971,3
Cameroon,1972,3
Cameroon,1978,6
Cameroon,1979,5
Canada,1970,74917
Canada,1972,64652
Canada,1978,53967
Chile,1973,3048
Chile,1975,3997
Colombia,1973,6726
Congo,1971,92
Congo,1972,65
Congo,1974,19
Congo,1976,218
Congo,1978,6
Costa Rica,1971,156
Dominican Republic,1979,10979
Ecuador,1974,241
El Salvador,1970,72
El Salvador,1975,271
El Salvador,1976,95
El Salvador,1980,78
Ethiopia,1972,646
Ethiopia,1976,842
Ethiopia,1977,290
Ethiopia,1980,373
Fiji,1970,3228
Fiji,1971,2772
Fiji,1973,2686
Fiji,1976,2045
Fiji,1979,907
Finland,1971,544
Finland,1974,645
Finland,1976,820
France,1970,1951
France,1974,1521
France,1979,1263
France,1980,1163
France (French Guiana),1970,73
France (French Guiana),1977,150
France (French Guiana),1978,90
France (French Guiana),1980,92
Gabon,1973,349
Gabon,1975,130
Gabon,1977,73
German Federal Republic,1973,65
German Federal Republic,1974,41
Guinea,1972,120
Guyana,1971,44
Guyana,1976,487
Guyana,1978,479
Honduras,1971,84
Honduras,1975,78
India,1974,3145
India,1978,2774
Indonesia,1972,339
Kenya,1977,4
Korea (Rep. of),1970,1597
Korea (Rep. of),1974,740
Korea (Rep. of),1975,415
Korea (Rep. of),1978,852
Korea (Rep. of),1979,749
Korea,,
Liberia,1971,79
Liberia,1973,0
Madagascar,1975,5
Madagascar,1980,4
Malaysia,1973,145
Mali,1976,28
Mali,1977,29
Mali,1978,30
Mali,1980,300
Mauritania,1976,690
Mexico,1976,5064
Mexico,1978,6283
Mexico,1979,5911
New Zealand,1973,344
New Zealand,1975,85
Nicaragua,1977,2046
Papua New Guinea,1972,11939
Papua New Guinea,1974,21093
Papua New Guinea,1980,14730
Peru,1978,3504
Philippines,1975,15632
Portugal,1974,357
Rhodesia,1975,10999
Rhodesia,1976,12086
Rhodesia,1979,12063
Rwanda,1978,35
Solomon Islands,1971,14
Solomon Islands,1973,30
Solomon Islands,1974,27
Solomon Islands,1978,18
Solomon Islands,1980,34
South Africa,1973,855179
South Africa,1980,675096
Soviet Union,1974,300000
Soviet Union,1975,250000
Soviet Union,1976,250000
Soviet Union,1977,250000
Soviet Union,1979,255000
Spain,1970,0
Sweden,1974,2126
Taiwan,1970,700
Taiwan,1972,556
Taiwan,1979,443
Tanzania,1970,244
USA,1977,34225
Venezuela,1973,592
Venezuela,1976,513
Venezuela,1978,416
Zaire,1976,2746
Zambia,1978,259
Australia,1985,58521
Australia,1987,110696
Bolivia,1982,1249
Bolivia,1986,763
Botswana,1982,15
Botswana,1987,32
Brazil,1984,37218
Burkina Faso,1987,2272
Burkina Faso,1991,6000
Burundi,1986,31
Burundi,1989,19
Cameroon,1982,4
Canada,1982,64735
Canada,1989,159527
Canada,1991,175709
Central African Republic,1981,43
Central African Republic,1985,249
Central African Republic,1986,212
Chile,1983,17759
Chile,1985,17240
Chile,1989,22559
China,1981,50000
China,1984,59000
Colombia,1982,14702
Colombia,1987,26546
Congo,1983,8
Costa Rica,1983,775
Costa Rica,1989,92
Dominican Republic,1982,12016
Dominican Republic,1986,8879
Dominican Republic,1987,7798
Dominican Republic,1990,4354
Dominican Republic,1991,3160
Ecuador,1987,9400
El Salvador,1981,121
Fiji,1981,956
Fiji,1982,1423
Finland,1982,756
Finland,1988,594
Finland,1991,1818
France,1985,2380
France,1988,2525
France,1991,4612
France (French Guiana),1983,250
France (French Guiana),1984,315
France (French Guiana),1987,520
France (French Guiana),1988,522
France (French Guiana),1990,870
Gabon,1983,37
Gabon,1984,41
German Democratic Rep,1985,2472
German Democratic Rep,1987,2500
German Federal Republic,1989,15
Germany,1991,0
Ghana,1982,10280
Ghana,1988,11631
Guyana,1985,321
Guyana,1989,539
Guyana,1990,1204
Honduras,1984,131
Honduras,1987,92
Honduras,1990,156
Hungary,1983,1000
Hungary,1984,600
India,1986,1931
Indonesia,1986,3304
Indonesia,1989,5239
Indonesia,1990,10653
Ivory Coast,1988,6
Ivory Coast,1990,20
Japan,1982,3267
Japan,1991,8299
Kenya,1984,14
Kenya,1988,16
Korea (Rep. of),1983,2242
Korea (Rep. of),1989,14270
Korea,,
Korea,,
Korea,,
Liberia,1982,381
Liberia,1985,147
Liberia,1987,657
Liberia,1990,600
Liberia,1991,600
Madagascar,1981,1
Malaysia,1988,2928
Mali,1981,500
Mali,1987,337
Mali,1989,699
Mali,1991,2568
Mexico,1983,6930
Mexico,1990,8548
Mongolia,1991,800
Mozambique,1988,0
Namibia,1990,1634
New Zealand,1985,886
New Zealand,1986,1265
New Zealand,1989,4963
New Zealand,1990,4626
Papua New Guinea,1990,34280
Peru,1982,4306
Peru,1985,6621
Peru,1988,9720
Peru,1990,9097
Philippines,1981,23586
Philippines,1983,25397
Sudan,1982,12
Sudan,1983,40
Sweden,1989,5120
Taiwan,1981,1763
Tanzania,1984,39
Tanzania,1989,112
USA,1982,45589
USA,1988,200914
Uganda,1981,304
Venezuela,1984,1741
Venezuela,1985,2214
Zambia,1991,124
Zimbabwe,1981,11691
Zimbabwe,1982,13367
Zimbabwe,1987,14693
Zimbabwe,1988,14965
Zimbabwe,1990,16921
Armenia,1998,294
Botswana,2001,2
Botswana,2002,8
Brazil,1997,52335
Bulgaria,1993,0
Burkina Faso,1994,537
Burkina Faso,2000,625
Burundi,1999,0
Cameroon,1995,560
Chile,1997,49459
Chile,1999,48069
Chile,2000,54143
Chile,2001,42673
Chile,2002,38688
Congo,,
Congo,,
Costa Rica,1996,713
Czech Republic,1992,0
Ecuador,1996,7208
Eritrea,1992,0
Eritrea,1994,78
Eritrea,1999,534
Ethiopia,1997,755
Fiji,1999,3881
Fiji,2000,3842
Ghana,1994,43348
Ghana,1997,54446
Philippines,1989,29992
Portugal,1982,211
Portugal,1990,276
Romania,1982,2000
Romania,1987,5000
Romania,1989,6000
Romania,1990,5000
Rwanda,1982,15
Rwanda,1987,8
Rwanda,1990,2163
Rwanda,1991,963
Saudi Arabia,1989,2901
South Africa,1987,607000
Soviet Union,1981,263000
Soviet Union,1983,312000
Soviet Union,1991,240000
Spain,1983,5434
Spain,1984,8097
Yugoslavia,1981,3582
Yugoslavia,1985,4460
Yugoslavia,1987,5348
Zaire,1987,4365
Zaire,1989,2485
Zambia,1987,350
Zambia,1989,149
Armenia,1999,405
Armenia,2000,900
Australia,1992,243545
Australia,1995,253084
Australia,1996,289030
Bolivia,1996,12634
Bolivia,2001,12374
Botswana,1992,165
Botswana,1994,234
Bulgaria,1995,1307
Bulgaria,1998,1660
Canada,1994,146891
Canada,1996,166378
China,1993,160000
China,1997,181360
Dominican Republic,1999,651
Ecuador,1995,7410
Finland,1992,1663
Finland,1997,1900
Finland,1999,2770
Finland,2001,1700
France,1992,3060
France,2000,2643
France,2001,2512
France,2002,1724
Gabon,1993,120
Gabon,1999,70
Georgia,2000,2110
Georgia,2002,2876
Ghana,1999,78660
Guinea,1996,6838
Guinea,1997,3713
Guinea,1998,7835
Guinea,2002,16666
Guyana,2000,13525
Guyana,2002,14104
Honduras,1992,163
Hungary,1993,500
India,1992,1850
India,1999,2442
India,2002,3153
Indonesia,1992,37978
Indonesia,1996,83564
Iran,2000,765
Iran,2001,770
Italy,1999,894
Italy,2001,522
Italy,2002,631
Ivory Coast,1993,1500
Ivory Coast,1994,1860
Ivory Coast,1995,1940
Ivory Coast,1999,2967
Ivory Coast,2000,3444
Ivory Coast,2002,3570
Jamaica,2002,159
Japan,1992,8893
Japan,2000,8473
Kazakhstan,1992,24000
Kazakhstan,1995,10921
Kazakhstan,1996,10300
Kazakhstan,1997,9659
Kazakhstan,2000,11529
Kazakhstan,2001,15226
Kenya,1994,155
Kenya,1997,440
Kenya,1999,990
Kenya,2001,1545
Korea (Rep. of),2001,10
Kyrgyzstan,1994,1530
Kyrgyzstan,1995,1490
Kyrgyzstan,1998,21311
Kyrgyzstan,1999,20200
Kyrgyzstan,2000,22000
Liberia,1995,800
Liberia,2000,25
Madagascar,2001,294
Malaysia,1992,3513
Malaysia,1993,4463
Malaysia,1994,4085
Mali,1993,5900
Mali,1998,20562
Mali,2000,28717
Mauritania,1996,189
Mexico,1995,20292
Mongolia,1998,9990
Mongolia,2001,13675
Mongolia,2002,12097
Morocco,1994,565
Morocco,2001,1191
Myanmar,1993,51
Myanmar,2001,100
Namibia,1992,2025
Namibia,1993,1953
Namibia,1995,2099
Namibia,1998,1882
New Zealand,2002,9771
Nicaragua,1993,1241
Nicaragua,1996,2058
Nicaragua,1997,2563
Nicaragua,2000,3672
Nicaragua,2002,3494
Oman,2002,188
Panama,1999,1500
Papua New Guinea,1994,58654
Papua New Guinea,1995,51701
Papua New Guinea,1996,51573
Papua New Guinea,1997,48482
Peru,1996,64885
Philippines,1992,25609
Philippines,1994,27307
Philippines,1996,30180
Philippines,2002,36005
Poland,1996,598
Poland,2001,349
Romania,1997,4000
Romania,2001,1600
Russia,1995,127838
Rwanda,2000,10
Saudi Arabia,1992,6150
Saudi Arabia,2002,4600
Serbia and Montenegro,1997,3014
Serbia and Montenegro,2000,1121
Solomon Islands,1996,4
South Africa,1992,613036
South Africa,2002,398258
Spain,1995,4131
Spain,1998,5791
Sudan,1997,5000
Sudan,2001,5438
Tajikistan,1998,3200
Tajikistan,1999,2700
Tanzania,1993,3370
Thailand,1997,0
Turkey,1996,1200
USA,1992,330212
USA,1998,366411
USA,2000,353437
Uganda,2000,9860
Uruguay,1997,1200
Uruguay,1998,2303
Uruguay,2002,2079
Uzbekistan,1992,75000
Uzbekistan,1997,81700
Uzbekistan,1999,88100
Venezuela,1993,8985
Venezuela,1996,11719
Venezuela,1998,6740
Zambia,1995,79
Zambia,1997,226
Zimbabwe,1997,24225
Zimbabwe,1999,27114
Algeria,2005,641
Argentina,2005,27904
Armenia,2007,565
Armenia,2009,1207
Australia,2004,259000
Australia,2005,262156
Australia,2008,215186
Australia,2013,267062
Azerbaijan,2005,0
Azerbaijan,2006,0
Azerbaijan,2013,1621
Bolivia,2003,9361
Bolivia,2005,8871
Bolivia,2010,6400
Botswana,2005,2709
Botswana,2007,2722
Brazil,2006,40075
Bulgaria,2003,2270
Bulgaria,2012,7058
Burkina Faso,2008,6033
Burkina Faso,2010,23528
Burkina Faso,2011,32189
Burundi,2004,3229
Burundi,2005,3905
Burundi,2009,980
Cameroon,2006,600
Cameroon,2007,600
Cameroon,2012,1000
Canada,2003,141589
Canada,2012,107486
Chile,2008,39162
Chile,2012,49936
China,2003,210100
China,2007,275000
China,2009,313980
Colombia,2005,35783
Colombia,2006,15683
Colombia,2011,55908
Colombia,2012,66222
Congo,2013,150
Congo,,
Congo,,
Congo,,
Costa Rica,2005,540
Costa Rica,2013,1500
Cuba,2003,547
Dominican Republic,2007,0
Dominican Republic,2008,41
Dominican Republic,2010,533
Dominican Republic,2011,495
Dominican Republic,2012,4106
Ecuador,2004,5128
Ecuador,2008,4133
Ecuador,2009,5392
Ecuador,2010,4593
Ecuador,2013,8676
Egypt,2008,0
Egypt,2013,11102
Eritrea,2005,25
Eritrea,2006,45
Eritrea,2010,30
Ethiopia,2005,3726
Ethiopia,2008,3631
Fiji,2009,1091
Finland,2004,1368
Finland,2005,1303
Finland,2007,1479
Finland,2013,8660
France (French Guiana),2009,1250
France (French Guiana),2012,1147
Gabon,2003,70
Gabon,2005,300
Gabon,2006,300
Gabon,2007,300
Gabon,2008,300
Georgia,2008,3100
Georgia,2009,3100
Georgia,2010,3100
Ghana,2004,63139
Ghana,2007,83558
Ghana,2009,91143
Greece,2009,0
Greenland,2005,1828
Greenland,2007,1835
Greenland,2009,0
Guatemala,2003,4550
Guatemala,2007,7068
Guinea,2005,25097
Guyana,2010,9593
Guyana,2011,11293
Guyana,2013,14963
Honduras,2003,4494
Honduras,2004,3683
Honduras,2009,2127
Honduras,2012,1859
India,2004,3526
Indonesia,2008,64390
Iran,2007,252
Italy,2003,100
Ivory Coast,2008,4205
Ivory Coast,2010,5316
Japan,2010,8223
Japan,2011,8692
Kazakhstan,2003,19266
Kenya,2008,340
Kenya,2010,2355
Korea (Rep. of),2010,235
Kyrgyzstan,2004,21395
Kyrgyzstan,2010,18500
Kyrgyzstan,2011,18900
Laos,2009,5021
Laos,2010,5138
Laos,2012,6415
Liberia,2005,25
Liberia,2009,524
Liberia,2013,587
Malaysia,2006,3496
Mali,2003,45529
Mali,2008,41160
Mauritania,2008,5528
Mauritania,2012,7647
Mauritania,2013,9518
Mexico,2003,20406
Mexico,2006,35899
Mozambique,2011,111
Mozambique,2012,178
Namibia,2005,2649
New Zealand,2003,9301
New Zealand,2010,12240
Nicaragua,2003,3096
Nicaragua,2008,2960
Nicaragua,2009,2590
Niger,2007,3427
Niger,2013,1041
Nigeria,2006,40
Nigeria,2012,4303
Oman,2004,192
Oman,2005,350
Panama,2008,0
Panama,2012,2208
Papua New Guinea,2004,73500
Papua New Guinea,2008,67466
Papua New Guinea,2011,62271
Papua New Guinea,2012,57021
Peru,2011,166168
Peru,2012,161545
Poland,2007,883
Romania,2008,500
Romania,2013,500
Russia,2010,201300
Rwanda,2011,11
Rwanda,2013,0
Saudi Arabia,2005,7457
Saudi Arabia,2007,4438
Saudi Arabia,2013,4158
Senegal,2007,600
Senegal,2010,5354
Serbia,2009,818
Sierra Leone,2007,212
Sierra Leone,2009,157
Slovakia,2003,79
Slovakia,2011,398
Solomon Islands,2005,20
South Africa,2004,337223
South Africa,2005,294803
South Africa,2006,272128
South Africa,2009,197628
South Africa,2012,154180
Spain,2010,0
Spain,2012,1529
Sudan,2004,4239
Sudan,2006,3246
Sudan,2008,7508
Sudan,2011,46100
Suriname,2005,10619
Suriname,2006,10426
Suriname,2007,8585
Suriname,2009,12834
Suriname,2010,12932
Sweden,2007,5159
Sweden,2010,6285
Sweden,2011,5994
Tajikistan,2012,2400
Tanzania,2007,40193
Thailand,2004,4507
Thailand,2007,3401
Thailand,2012,4895
Togo,2011,16469
Turkey,2004,3260
Turkey,2005,4170
Turkey,2006,8040
USA,2003,276897
USA,2011,233925
United Kingdom,2004,0
United Kingdom,2005,0
Uruguay,2008,2429
Uruguay,2012,1881
Uruguay,2013,2092
Uzbekistan,2007,72850
Uzbekistan,2012,90000
Venezuela,2005,10480
Venezuela,2011,4608
Venezuela,2012,1982
Vietnam,2003,2000
Vietnam,2007,311
Vietnam,2012,1508
Zambia,2007,1269
Zambia,2012,4232
Zimbabwe,2004,21330
Algeria,2020,58
Algeria,2022,138
Argentina,2016,56648
Argentina,2020,34936
Argentina,2021,37280
Armenia,2019,5825
Armenia,2022,4600
Australia,2019,326304
Azerbaijan,2017,3667
Benin,2017,5
Bolivia,2020,23207
Brazil,2015,83124
Bulgaria,2018,6465
Bulgaria,2019,7413
Bulgaria,2021,9966
Burkina Faso,2014,36320
Burkina Faso,2017,46436
Burkina Faso,2022,60000
Burundi,2019,1599
Burundi,2021,893
Cameroon,2014,1000
Cameroon,2018,478
Canada,2015,162504
Canada,2016,163888
Canada,2017,171111
Canada,2020,182352
Canada,2022,192012
Central African Republic,2019,359
Central African Republic,2020,401
Chad,2015,10
China,2021,329000
Congo,2019,150
Congo,,
Costa Rica,2020,599
Cyprus,2014,0
Dominican Republic,2017,35242
Ecuador,2016,6761
Egypt,2014,11734
Egypt,2019,14946
Egypt,2021,12919
Equatorial Guinea,2022,200
Eswatini (Swaziland),2014,0
Eswatini (Swaziland),2018,12
Ethiopia,2014,10340
Ethiopia,2016,8573
Ethiopia,2018,2570
Fiji,2015,1368
Finland,2020,8668
France (French Guiana),2015,6460
France (French Guiana),2018,10000
France (French Guiana),2019,10000
Gabon,2021,967
Georgia,2014,2300
Georgia,2016,3600
Germany,2018,9
Ghana,2018,149216
Greece,2016,86
Guatemala,2014,6142
Guatemala,2015,5610
Guatemala,2017,1647
Guatemala,2021,100
Guatemala,2022,0
Guinea,2015,21464
Guinea,2020,91802
Guinea,2022,84713
Guyana,2014,12053
Guyana,2020,18209
Guyana,2021,15522
Honduras,2018,2148
Honduras,2019,1760
Honduras,2020,1790
Honduras,2021,2574
India,2018,1664
India,2022,1155
Indonesia,2017,99030
Iran,2018,7600
Iran,2019,8140
Iran,2022,7000
Ivory Coast,2014,19000
Ivory Coast,2020,38523
Japan,2017,6369
Kazakhstan,2018,100299
Kenya,2015,300
Kenya,2016,200
Kenya,2022,5564
Korea (Rep. of),2014,284
Korea (Rep. of),2016,205
Korea,,
Kyrgyzstan,2019,21200
Liberia,2019,5068
Madagascar,2020,1500
Madagascar,2021,0
Malaysia,2014,4308
Malaysia,2021,1782
Malaysia,2022,1828
Mali,2021,69400
Mauritania,2015,8802
Mauritania,2019,13554
Mauritania,2022,17539
Mexico,2019,133893
Mexico,2021,133340
Mexico,2022,147700
Mongolia,2016,9331
Mongolia,2020,20200
Mongolia,2021,19100
Morocco,2014,377
Morocco,2019,221
Morocco,2020,143
Mozambique,2020,488
Myanmar,2020,716
Myanmar,2022,500
Namibia,2017,7469
Namibia,2022,6992
Nicaragua,2017,7367
Nicaragua,2018,7703
Nicaragua,2022,11460
Nigeria,2018,18000
Nigeria,2019,9000
North Macedonia,2015,494
North Macedonia,2022,600
Panama,2022,4447
Papua New Guinea,2016,61952
Peru,2015,146823
Peru,2017,151964
Peru,2019,128413
Philippines,2015,21314
Philippines,2018,20765
Philippines,2022,29007
Poland,2014,226
Poland,2015,431
Poland,2017,572
Poland,2018,523
Poland,2019,674
Romania,2016,500
Russia,2019,305100
Rwanda,2018,18100
Saudi Arabia,2021,9639
Senegal,2020,14600
Senegal,2021,18800
Serbia,2015,1186
Serbia,2017,1199
Sierra Leone,2019,75
Sierra Leone,2022,150
Slovakia,2014,582
Slovakia,2015,603
Slovakia,2020,336
Slovakia,2022,399
South Africa,2019,105185
South Sudan,2021,200
Spain,2015,2128
Sudan,2017,107300
Sudan,2018,93600
Sudan,2020,35700
Suriname,2015,9396
Suriname,2017,25844
Suriname,2020,21959
Suriname,2021,19439
Suriname,2022,20373
Taiwan,2016,0
Tajikistan,2015,4400
Tajikistan,2016,5000
Tanzania,2014,40481
Tanzania,2016,45155
Tanzania,2018,39304
Thailand,2017,0
Togo,2014,20583
Togo,2015,15568
Togo,2016,14000
Togo,2019,8227
Turkey,2017,23090
USA,2021,187000
USA,2022,173000
Uganda,2019,10
United Kingdom,2016,6
Uruguay,2019,0
Uruguay,2020,0
Uzbekistan,2019,93000
Uzbekistan,2022,105000
Venezuela,2015,5000
Venezuela,2016,5000
Venezuela,2021,30000
Vietnam,2016,584
Vietnam,2020,559
Zambia,2014,4803
Zambia,2015,4238
Zambia,2016,4610
Zambia,2017,4373
Zimbabwe,2019,29429
Angola,1973,62
Angola,1974,62
Argentina,1980,341
Australia,1971,20918
Australia,1974,15944
Bolivia,1974,1309
Botswana,1980,0
Brazil,1971,5115
Brazil,1972,7188
Brazil,1977,5355
Burundi,1977,17
Burundi,1978,10
Cambodia,1970,120
Cameroon,1973,2
Cameroon,1974,2
Cameroon,1976,8
Canada,1971,70318
Chile,1970,1578
Chile,1972,2942
Chile,1976,4017
Chile,1980,6836
China,1973,1500
China,1977,28000
China,1978,34000
Colombia,1971,5874
Colombia,1977,7996
Colombia,1978,7666
Congo,1977,18
Congo,1979,3
Costa Rica,1970,16
Costa Rica,1972,311
Costa Rica,1973,482
Costa Rica,1974,560
Costa Rica,1976,300
Costa Rica,1977,400
Ecuador,1970,265
Ecuador,1973,324
Ecuador,1976,343
Ecuador,1977,244
El Salvador,1971,109
El Salvador,1977,67
Ethiopia,1979,248
Finland,1978,905
Finland,1979,881
France,1976,1898
France,1977,1569
France,1978,1855
France (French Guiana),1975,76
Gabon,1972,355
Gabon,1974,327
Gabon,1979,30
German Federal Republic,1971,53
German Federal Republic,1977,74
German Federal Republic,1978,66
Ghana,1972,22529
Ghana,1976,16561
Guinea,1971,120
Guinea,1973,120
Guyana,1972,125
Guyana,1975,562
Guyana,1980,342
Honduras,1970,104
Honduras,1972,63
Honduras,1974,31
Honduras,1976,71
Honduras,1979,62
India,1971,3668
India,1980,2452
Indonesia,1973,352
Indonesia,1976,355
Indonesia,1979,170
Japan,1974,4346
Japan,1976,4282
Japan,1978,4516
Kenya,1978,6
Kenya,1979,8
Korea,,
Korea,,
Liberia,1970,34
Liberia,1979,34
Madagascar,1976,2
Madagascar,1977,2
Malaysia,1972,220
Malaysia,1974,166
Malaysia,1977,153
Mauritania,1975,1305
Mauritania,1977,870
Mexico,1972,4543
Nicaragua,1970,3402
Nigeria,1971,1
Papua New Guinea,1973,20545
Peru,1970,3349
Peru,1971,2605
Peru,1972,3966
Peru,1975,3135
Peru,1977,3247
Philippines,1971,19814
Portugal,1975,356
Rhodesia,1970,15600
Rhodesia,1971,15600
Rhodesia,1972,15800
Rhodesia,1973,16000
Rhodesia,1977,12506
Rhodesia,1978,12414
Romania,1971,1900
Romania,1973,1900
Romania,1977,2000
Romania,1979,2000
Sierra Leone,1979,0
Solomon Islands,1976,24
South Africa,1974,758559
South Africa,1976,713390
South Africa,1978,704449
Soviet Union,1973,398200
Spain,1972,5629
Spain,1973,5864
Spain,1974,4140
Spain,1975,3361
Spain,1980,3364
Suriname,1972,17
Suriname,1977,12
Suriname,1979,6
Suriname,1980,5
Sweden,1975,1965
Sweden,1976,1934
Sweden,1978,2373
Taiwan,1973,702
Tanzania,1971,5
Tanzania,1973,2
Tanzania,1977,0
Tanzania,1978,4
Tanzania,1980,3
USA,1975,32729
USA,1978,31068
Uganda,1979,62
Uganda,1980,282
Venezuela,1970,694
Venezuela,1971,578
Venezuela,1972,633
Venezuela,1977,541
Yugoslavia,1971,3850
Yugoslavia,1974,4041
Yugoslavia,1977,5108
Zaire,1970,5617
Zaire,1973,4157
Zaire,1975,3826
Zambia,1971,301
Zambia,1972,355
Zambia,1976,341
Zambia,1980,257
Argentina,1982,632
Argentina,1984,688
Argentina,1985,882
Argentina,1986,944
Australia,1983,30591
Bolivia,1985,561
Botswana,1985,13
Botswana,1990,46
Brazil,1986,23361
Burkina Faso,1988,2761
Burundi,1982,3
Burundi,1988,30
Cameroon,1981,10
Cameroon,1985,8
Canada,1986,102899
Canada,1990,169412
Central African Republic,1982,47
Central African Republic,1983,95
Central African Republic,1989,328
Central African Republic,1990,241
Central African Republic,1991,191
Chile,1987,17035
China,1985,60600
China,1986,66000
Colombia,1981,16461
Colombia,1989,29506
Colombia,1990,29353
Colombia,1991,34845
Congo,1981,4
Congo,1982,3
Congo,1986,9
Costa Rica,1988,368
Costa Rica,1991,564
Dominican Republic,1984,10522
Dominican Republic,1985,10219
Dominican Republic,1989,5355
Ecuador,1988,8599
Ecuador,1989,8155
Ethiopia,1983,463
Ethiopia,1984,662
Ethiopia,1988,728
Finland,1983,872
Finland,1986,501
France,1981,1131
France,1984,2407
France,1989,3303
France (French Guiana),1982,163
France (French Guiana),1991,1417
German Democratic Rep,1986,2500
German Federal Republic,1982,56
German Federal Republic,1984,50
German Federal Republic,1985,60
Ghana,1987,10228
Ghana,1989,13265
Guinea,1988,1300
Guyana,1981,599
Guyana,1984,328
Honduras,1982,53
Honduras,1983,67
India,1983,2156
India,1984,1988
Indonesia,1983,2262
Indonesia,1984,2279
Indonesia,1985,2508
Iran,1988,400
Iran,1989,400
Ivory Coast,1989,13
Japan,1981,3087
Japan,1983,3139
Japan,1985,5309
Japan,1987,8590
Japan,1988,7308
Kenya,1985,11
Kenya,1987,14
Kenya,1991,34
Korea (Rep. of),1982,1734
Korea (Rep. of),1987,7600
Korea (Rep. of),1988,11121
Korea (Rep. of),1990,20760
Korea,,
Liberia,1984,328
Liberia,1986,610
Malaysia,1981,2355
Malaysia,1990,2595
Mali,1983,400
Mali,1988,483
Mexico,1982,6104
Mexico,1986,7795
Mexico,1991,8937
Mozambique,1989,0
Mozambique,1990,72
Myanmar,1988,31
Myanmar,1989,44
Namibia,1983,296
New Zealand,1984,672
Nicaragua,1983,1444
Nicaragua,1984,1100
Nicaragua,1991,1014
Peru,1981,4821
Peru,1986,8846
Peru,1991,22606
Portugal,1981,244
Portugal,1985,229
Portugal,1991,264
Romania,1981,2000
Romania,1985,5000
Romania,1991,6000
Rwanda,1984,8
Rwanda,1988,16
Rwanda,1989,745
Sierra Leone,1983,370
Sierra Leone,1987,300
South Africa,1986,640026
South Africa,1990,605100
South Africa,1991,601013
Soviet Union,1985,271000
Sudan,1981,10
Sudan,1987,76
Sweden,1988,3590
Taiwan,1982,2232
Taiwan,1987,536
Venezuela,1981,877
Venezuela,1983,1033
Venezuela,1988,3502
Venezuela,1989,5113
Zaire,1983,6001
Zaire,1985,2289
Zaire,1990,5224
Zambia,1990,129
Zimbabwe,1991,17820
Algeria,2002,369
Argentina,2002,32530
Armenia,1993,500
Armenia,1997,500
Australia,1998,310320
Bolivia,1997,13292
Burkina Faso,1999,886
Burundi,1997,0
Burundi,2000,0
Chile,1993,33638
Chile,1995,44585
China,1992,140000
China,1999,165680
Colombia,1993,27469
Colombia,1995,21165
Colombia,1997,18811
Colombia,2000,37018
Colombia,2002,20823
Congo,,
Congo,,
Fiji,2002,3829
France,1996,5651
France,1997,4953
France (French Guiana),1992,2140
France (French Guiana),1996,2949
France (French Guiana),1997,3225
France (French Guiana),2000,3376
France (French Guiana),2002,3290
Gabon,1994,72
Gabon,2001,70
Georgia,1996,500
Georgia,1997,700
Georgia,1998,800
Georgia,1999,1587
Georgia,2001,1880
Ghana,1998,72003
Guatemala,2001,4500
Guinea,1992,5140
Guinea,1995,7862
Guinea,1999,11710
Guyana,1996,12007
Guyana,2001,14179
Honduras,1998,150
Honduras,1999,879
India,1997,2636
India,2000,2615
Indonesia,1993,41576
Indonesia,2002,142238
Iran,1993,417
Iran,1996,640
Iran,1997,684
Iran,1998,822
Italy,1998,1117
Italy,2000,820
Ivory Coast,1992,1665
Japan,1998,8601
Kazakhstan,1994,14483
Kazakhstan,1998,8929
Kazakhstan,2002,10959
Kenya,1992,20
Kenya,2000,1243
Korea,,
Korea,,
Korea,,
Kyrgyzstan,1992,1210
Kyrgyzstan,2002,17000
Laos,2001,0
Liberia,1994,0
Madagascar,1992,37
Malaysia,1997,4487
Malaysia,1998,3394
Malaysia,2002,4289
Mali,1994,6200
Mali,1995,7800
Mauritania,1994,1738
Mexico,1998,25426
Mongolia,1992,900
Mongolia,1999,10038
Morocco,1995,580
Morocco,1999,450
Morocco,2000,505
Morocco,2002,2747
Mozambique,1995,236
Mozambique,1999,19
Myanmar,1996,172
Myanmar,1997,181
Myanmar,1998,172
Myanmar,2002,100
Namibia,1996,2145
New Zealand,1993,13607
New Zealand,1997,11359
New Zealand,1998,7739
Oman,1993,431
Oman,1994,122
Oman,1995,611
Panama,1994,272
Papua New Guinea,1999,65747
Peru,1997,77940
Peru,1998,94214
Peru,2001,138022
Philippines,1997,32199
Poland,1994,628
Poland,1995,510
Poland,2002,296
Portugal,1992,149
Romania,1993,4000
Romania,1994,4000
Romania,1995,4000
Romania,1999,1800
Russia,1992,134521
Russia,1996,119856
Saudi Arabia,1993,7525
Saudi Arabia,1995,8080
Senegal,2002,600
Slovakia,1994,372
Slovakia,2001,157
Solomon Islands,1994,17
Solomon Islands,1995,16
Solomon Islands,2000,1615
South Africa,1994,579909
South Africa,1995,523815
South Africa,1997,490600
South Africa,1999,451200
Spain,1994,7813
Spain,1996,4241
Spain,1997,3343
Spain,2000,4304
Spain,2001,4277
Spain,2002,5559
Sudan,1992,973
Sudan,1996,4500
Suriname,2000,0
Suriname,2002,0
Sweden,1992,6164
Sweden,1993,6548
Tajikistan,1995,300
Tajikistan,1997,2550
Tajikistan,2001,2700
Tajikistan,2002,2700
Tanzania,1995,320
Tanzania,1999,4890
Tanzania,2000,15060
Tanzania,2001,30088
Tanzania,2002,43320
Thailand,2001,313
Thailand,2002,4950
Turkey,1994,996
Turkey,1998,1000
Turkey,1999,1200
Turkey,2000,500
USA,1995,316913
Uganda,1995,3094
Uzbekistan,1994,64400
Uzbekistan,1996,78300
Uzbekistan,2000,87500
Uzbekistan,2001,85400
Vietnam,1997,1800
Vietnam,2000,2000
Zambia,1992,218
Zambia,2001,120
Algeria,2007,236
Algeria,2009,998
Algeria,2012,264
Argentina,2007,42021
Argentina,2008,42046
Argentina,2013,52486
Armenia,2005,1373
Armenia,2006,867
Armenia,2008,537
Armenia,2010,1780
Australia,2006,246862
Azerbaijan,2009,353
Bolivia,2004,6165
Bolivia,2007,8818
Bolivia,2008,8431
Bolivia,2013,13459
Botswana,2010,1774
Botswana,2012,1522
Brazil,2004,47596
Brazil,2007,49600
Brazil,2012,66773
Bulgaria,2004,2431
Bulgaria,2008,4160
Bulgaria,2013,7385
Burkina Faso,2005,1397
Burkina Faso,2009,12140
Burundi,2003,2855
Burundi,2006,4313
Burundi,2008,2170
Burundi,2011,1052
Burundi,2013,2823
Cameroon,2003,700
Cameroon,2004,600
Cameroon,2011,600
Canada,2004,130727
Central African Republic,2006,10
Chile,2009,40834
China,2010,340880
Congo,2003,75
Congo,2012,150
Congo,,
Congo,,
Congo,,
Costa Rica,2003,110
Egypt,2010,4675
Eritrea,2013,2862
Ethiopia,2009,4005
Ethiopia,2013,13050
Fiji,2005,2793
Fiji,2006,1403
Fiji,2011,1572
Finland,2009,3996
France,2004,0
France (French Guiana),2006,3083
France (French Guiana),2008,1941
France (French Guiana),2011,1298
Gabon,2011,300
Gabon,2013,1201
Georgia,2012,3100
Ghana,2006,72323
Ghana,2012,128600
Ghana,2013,137820
Greece,2012,26
Greenland,2003,0
Greenland,2011,103
Greenland,2013,25
Guatemala,2008,7448
Guinea,2008,17981
Guinea,2011,15779
Guyana,2008,8131
Guyana,2009,9326
Honduras,2006,4055
Honduras,2011,1893
India,2009,2084
India,2013,1564
Indonesia,2005,143205
Indonesia,2006,93176
Indonesia,2013,59804
Iran,2003,500
Iran,2009,350
Iran,2010,350
Ivory Coast,2003,1313
Ivory Coast,2013,14700
Jamaica,2004,20
Japan,2005,8319
Japan,2007,8869
Japan,2013,7411
Kazakhstan,2004,19261
Kazakhstan,2005,17875
Kenya,2003,1543
Kenya,2004,567
Kenya,2006,432
Kenya,2007,3023
Korea (Rep. of),2006,277
Korea,,
Korea,,
Kyrgyzstan,2003,22476
Kyrgyzstan,2006,10300
Kyrgyzstan,2007,10600
Kyrgyzstan,2012,10600
Laos,2005,6338
Laos,2006,6068
Laos,2011,3984
Liberia,2007,311
Liberia,2012,641
Madagascar,2003,10
Madagascar,2004,40
Madagascar,2013,100
Malaysia,2007,2913
Malaysia,2008,2490
Malaysia,2013,3823
Mali,2009,42364
Mali,2010,42400
Mauritania,2004,0
Mauritania,2009,7838
Mauritania,2010,8326
Mexico,2010,79376
Mexico,2012,102802
Mongolia,2005,24122
Mongolia,2007,17473
Morocco,2005,1800
Morocco,2006,1300
Morocco,2008,587
Morocco,2012,532
Morocco,2013,463
Mozambique,2004,56
Mozambique,2005,63
Myanmar,2004,100
Myanmar,2007,100
Myanmar,2011,100
Namibia,2006,2790
Namibia,2012,2329
New Zealand,2007,8833
New Zealand,2008,13075
Nicaragua,2004,4064
Niger,2006,2615
Nigeria,2007,180
Nigeria,2009,1350
Nigeria,2011,3700
North Macedonia,2012,0
North Macedonia,2013,490
Oman,2008,118
Papua New Guinea,2003,67832
Peru,2003,172619
Peru,2009,182390
Peru,2013,151486
Philippines,2008,35568
Poland,2006,1700
Russia,2006,159340
Russia,2012,200345
Saudi Arabia,2009,4857
Senegal,2009,5655
Senegal,2013,6445
Serbia,2003,0
Serbia,2005,0
Serbia,2013,1154
Serbia and Montenegro,2004,328
Serbia and Montenegro,2005,330
Slovakia,2007,92
Slovakia,2013,533
Solomon Islands,2012,2109
South Africa,2003,372766
Spain,2003,5417
Spain,2004,5251
Spain,2008,0
Spain,2009,0
Spain,2013,2052
Suriname,2003,0
Suriname,2012,12507
Suriname,2013,11001
Sweden,2005,6564
Sweden,2006,6848
Sweden,2008,4953
Sweden,2009,5542
Taiwan,2006,0
Tajikistan,2004,2161
Tajikistan,2009,1361
Tajikistan,2013,2670
Tanzania,2003,48018
Tanzania,2009,39113
Tanzania,2013,42534
Thailand,2005,4393
Togo,2008,11835
Togo,2010,10452
Togo,2013,21086
Turkey,2008,11016
Turkey,2012,29390
USA,2004,257905
USA,2005,255757
USA,2009,223323
USA,2013,229703
Uganda,2007,2543
Uganda,2008,2055
United Kingdom,2008,163
United Kingdom,2010,177
United Kingdom,2013,42
Uruguay,2006,2800
Uzbekistan,2005,84210
Vietnam,2013,1681
Algeria,2014,85
Algeria,2016,102
Algeria,2018,286
Argentina,2017,60956
Armenia,2014,2814
Armenia,2015,2805
Armenia,2016,3730
Armenia,2017,4270
Armenia,2020,5900
Australia,2016,290767
Australia,2018,313028
Azerbaijan,2014,1872
Azerbaijan,2022,3316
Benin,2014,30
Benin,2019,5
Bolivia,2016,21876
Bolivia,2017,28726
Botswana,2015,757
Botswana,2019,942
Brazil,2016,93921
Brazil,2018,85000
Brazil,2020,82000
Brazil,2022,83000
Bulgaria,2014,7899
Bulgaria,2017,8682
Burkina Faso,2015,36540
Burkina Faso,2018,52898
Burkina Faso,2021,66931
Burundi,2014,650
Burundi,2015,549
Burundi,2017,1742
Burundi,2020,863
Cambodia,2021,1465
Cambodia,2022,3312
Cameroon,2016,542
Cameroon,2019,341
Central African Republic,2015,15
Central African Republic,2017,118
Chile,2016,46333
China,2020,365340
Colombia,2014,57896
Colombia,2020,48561
Congo,2015,150
Congo,2018,150
Congo,2021,150
Congo,,
Congo,,
Costa Rica,2014,1350
Costa Rica,2016,750
Costa Rica,2019,4500
Costa Rica,2021,647
Cyprus,2015,0
Dominican Republic,2018,31633
Dominican Republic,2019,31801
Dominican Republic,2020,28117
Dominican Republic,2021,25287
Ecuador,2018,8212
Ecuador,2021,12614
Egypt,2017,16941
Equatorial Guinea,2015,200
Equatorial Guinea,2021,200
Ethiopia,2017,4704
Ethiopia,2020,3320
Fiji,2017,1425
Fiji,2021,1107
Finland,2014,8085
Finland,2016,8865
Finland,2022,8390
Gabon,2015,1356
Gabon,2018,83
Georgia,2017,3032
Germany,2020,10
Germany,2021,12
Ghana,2015,112402
Ghana,2020,125884
Greece,2021,3313
Guinea,2016,29192
Honduras,2017,2596
India,2016,1595
Indonesia,2014,69023
Indonesia,2018,111858
Iran,2014,1760
Iran,2021,7000
Ivory Coast,2016,25100
Ivory Coast,2017,25395
Japan,2015,7699
Japan,2020,7590
Japan,2022,4886
Kazakhstan,2014,50339
Kazakhstan,2015,63614
Kazakhstan,2017,85339
Kenya,2019,5395
Korea (Rep. of),2019,181
Korea,,
Kyrgyzstan,2016,19700
Kyrgyzstan,2020,19300
Kyrgyzstan,2022,32000
Laos,2015,6893
Liberia,2014,620
Liberia,2015,828
Liberia,2018,7289
Liberia,2020,4396
Madagascar,2014,100
Madagascar,2016,586
Madagascar,2022,0
Malaysia,2016,2249
Malaysia,2017,2124
Mali,2015,46500
Mali,2018,61000
Mali,2022,72200
Mauritania,2016,7126
Mauritania,2018,9235
Mexico,2015,134759
Mexico,2017,126820
Mongolia,2014,19959
Morocco,2016,352
Mozambique,2015,242
Mozambique,2016,201
Mozambique,2018,507
Myanmar,2021,846
Namibia,2019,6526
New Zealand,2015,12687
New Zealand,2018,10045
New Zealand,2019,8217
Nicaragua,2014,8237
Nicaragua,2019,9190
Nicaragua,2021,10840
Niger,2015,1220
Niger,2021,4010
Nigeria,2016,21000
Nigeria,2017,19000
Nigeria,2022,12000
North Macedonia,2014,480
Oman,2017,3
Panama,2017,100
Panama,2018,100
Papua New Guinea,2014,56148
Papua New Guinea,2020,48679
Papua New Guinea,2022,42310
Peru,2022,96700
Poland,2020,878
Poland,2021,768
Romania,2015,500
Romania,2017,961
Romania,2022,500
Russia,2022,320000
Rwanda,2015,2000
Rwanda,2019,11400
Rwanda,2020,11532
Saudi Arabia,2014,4789
Saudi Arabia,2015,5089
Senegal,2017,11700
Senegal,2018,14900
Serbia,2016,805
Serbia,2022,7290
Sierra Leone,2014,43
Sierra Leone,2018,464
Slovakia,2016,466
Slovakia,2017,447
South Africa,2014,151622
South Africa,2020,95786
South Sudan,2015,200
South Sudan,2018,200
Spain,2019,1913
Spain,2022,1359
Sudan,2016,93400
Suriname,2014,10641
Suriname,2018,26002
Suriname,2019,24516
Sweden,2014,6849
Taiwan,2015,2
Taiwan,2021,1
Tajikistan,2017,5500
Thailand,2014,4576
Turkey,2014,31260
Turkey,2022,31020
USA,2018,225528
Uganda,2016,11
Uganda,2017,4
Uganda,2022,7
United Kingdom,2015,0
United Kingdom,2017,0
United Kingdom,2020,28
Uzbekistan,2020,100000
Venezuela,2014,5000
Venezuela,2019,9100
Venezuela,2022,30000
Zimbabwe,2014,15386
Zimbabwe,2020,20873
Australia,1977,19417
Australia,1979,18566
Bolivia,1970,952
Bolivia,1972,674
Bolivia,1976,896
Bolivia,1978,770
Bolivia,1979,948
Brazil,1974,5861
Brazil,1975,5351
Brazil,1976,4922
Brazil,1978,9359
Burundi,1979,4
Burundi,1980,4
Cambodia,1977,30
Cameroon,1970,7
Cameroon,1977,6
Canada,1977,53921
Canada,1980,50620
Central African Republic,1980,62
Chile,1971,1996
Chile,1974,3696
Chile,1977,3620
Chile,1979,3465
China,1980,45000
Colombia,1970,6268
Colombia,1972,5811
Colombia,1976,9274
Colombia,1979,8379
Dominican Republic,1974,0
Dominican Republic,1975,6080
Dominican Republic,1977,10661
Dominican Republic,1978,10663
Ecuador,1979,70
Ecuador,1980,70
El Salvador,1973,163
Ethiopia,1974,525
Fiji,1972,2537
Fiji,1974,2144
Fiji,1978,872
France,1972,1808
France (French Guiana),1973,42
France (French Guiana),1974,35
German Federal Republic,1972,84
Ghana,1977,14957
Guinea,1970,120
Honduras,1973,25
India,1973,3278
India,1976,3132
India,1977,3014
Indonesia,1970,237
Indonesia,1971,329
Indonesia,1977,256
Indonesia,1978,254
Indonesia,1980,1716
Japan,1971,7928
Japan,1977,4635
Japan,1979,4033
Kenya,1980,4
Korea (Rep. of),1972,531
Korea,,
Korea,,
Korea,,
Korea,,
Korea,,
Korea,,
Liberia,1972,41
Liberia,1976,140
Madagascar,1972,6
Madagascar,1973,2
Madagascar,1974,2
Madagascar,1979,1
Malaysia,1970,161
Malaysia,1971,228
Malaysia,1979,197
Mexico,1974,4182
Mexico,1975,4501
New Zealand,1972,382
New Zealand,1976,102
Nicaragua,1971,3375
Nicaragua,1972,2650
Nicaragua,1973,2458
Nicaragua,1976,2359
Nicaragua,1978,2300
Nicaragua,1980,1870
Nigeria,1970,4
Papua New Guinea,1971,728
Papua New Guinea,1978,23885
Peru,1973,2949
Peru,1974,3123
Philippines,1972,18872
Philippines,1977,17373
Philippines,1979,16646
Philippines,1980,20025
Portugal,1971,426
Portugal,1972,520
Portugal,1976,312
Portugal,1977,275
Portugal,1979,320
Rhodesia,1974,25000
Romania,1972,1900
Romania,1975,1900
Romania,1978,2000
Rwanda,1976,29
Rwanda,1977,56
Solomon Islands,1970,9
Solomon Islands,1979,22
South Africa,1972,909631
Soviet Union,1980,258000
Spain,1977,293
Spain,1979,352
Suriname,1974,10
Suriname,1978,9
Sweden,1970,1375
Sweden,1971,1696
Sweden,1977,2113
Sweden,1980,2027
Taiwan,1971,606
Taiwan,1976,838
Taiwan,1977,466
USA,1971,46504
USA,1979,29997
USA,1980,30164
Venezuela,1979,466
Venezuela,1980,514
Yugoslavia,1970,3029
Yugoslavia,1973,4619
Yugoslavia,1975,3856
Yugoslavia,1979,4323
Yugoslavia,1980,3304
Zaire,1971,5340
Zaire,1974,4064
Zaire,1977,2715
Zaire,1978,2286
Zaire,1979,1836
Zambia,1970,170
Zambia,1975,265
Philippines,1986,35430
Sierra Leone,1989,70
Solomon Islands,1987,74
Solomon Islands,1991,50
Soviet Union,1986,275000
Spain,1990,6814
Spain,1991,7420
Taiwan,1990,72
USA,1986,116297
USA,1990,294189
Argentina,1992,1106
Argentina,1993,937
Argentina,2000,25954
Bolivia,2000,12000
Burkina Faso,1995,1361
Burkina Faso,1996,897
Burkina Faso,1998,1091
Burundi,2002,483
Cameroon,1992,10
Canada,1992,161402
Canada,1993,153299
Canada,2000,155538
Central African Republic,1999,41
Chile,1992,34473
Costa Rica,1999,165
Czech Republic,1993,512
Dominican Republic,1994,1538
Ecuador,1994,1182
Eritrea,1997,612
Eritrea,2000,264
Ethiopia,2000,3206
Fiji,1995,3495
Fiji,1996,4550
France (French Guiana),1993,2805
France (French Guiana),1994,2267
Argentina,1988,962
Argentina,1991,1725
Bolivia,1989,3602
Bolivia,1990,5198
Botswana,1989,67
Botswana,1991,20
Brazil,1981,17276
Brazil,1983,53684
Brazil,1987,35780
Brazil,1988,56447
Brazil,1991,89578
Burkina Faso,1983,0
Burundi,1983,11
Burundi,1991,25
Canada,1983,73512
Canada,1984,83446
Central African Republic,1984,236
Chile,1981,12456
Chile,1991,28879
China,1983,57000
Congo,1984,3
Costa Rica,1981,620
Costa Rica,1990,72
Dominican Republic,1981,12685
Ecuador,1982,1207
Ecuador,1985,2400
Ecuador,1986,9870
El Salvador,1982,103
Fiji,1988,4274
Fiji,1989,4222
Fiji,1991,2810
Finland,1981,1424
Finland,1984,1046
Finland,1985,996
Finland,1990,1503
France,1990,4236
France (French Guiana),1981,167
Gabon,1985,49
Gabon,1986,55
Gabon,1989,81
Gabon,1991,150
German Democratic Rep,1988,2500
German Democratic Rep,1989,2500
German Federal Republic,1981,95
German Federal Republic,1987,30
Ghana,1983,8601
Ghana,1985,9311
Ghana,1991,26310
Guinea,1989,2053
Guinea,1990,6340
Guinea,1991,4453
Guyana,1982,269
Guyana,1987,666
Honduras,1986,85
Hungary,1985,600
Hungary,1987,560
Hungary,1988,560
India,1981,2495
India,1988,1942
Indonesia,1982,2144
Indonesia,1988,4731
Iran,1987,400
Iran,1990,500
Ivory Coast,1991,989
Kenya,1982,1
Kenya,1986,73
Kenya,1990,48
Korea (Rep. of),1981,1342
Korea,,
Korea,,
Liberia,1989,734
Madagascar,1982,3
Malaysia,1984,2788
Malaysia,1985,2768
Malaysia,1986,2749
Malaysia,1991,2778
Mali,1982,400
Mali,1990,2355
Mongolia,1990,1000
Namibia,1984,196
New Zealand,1983,301
New Zealand,1987,1148
Nicaragua,1981,1926
Nicaragua,1982,1692
Nicaragua,1989,1421
Papua New Guinea,1983,18320
Philippines,1988,30492
Portugal,1983,199
Portugal,1984,193
Portugal,1988,317
Romania,1986,5000
Romania,1988,5000
Rwanda,1981,49
Rwanda,1983,39
Rwanda,1985,8
Saudi Arabia,1990,3536
Sierra Leone,1982,271
Sierra Leone,1984,570
Sierra Leone,1985,591
Sierra Leone,1986,350
Sierra Leone,1988,20
Solomon Islands,1990,53
South Africa,1983,679665
South Africa,1984,681930
Soviet Union,1988,277600
Spain,1981,4201
Spain,1985,10254
Spain,1988,5571
Sudan,1984,30
Sudan,1988,50
Sudan,1990,150
Suriname,1981,25
Taiwan,1985,953
Taiwan,1989,269
Tanzania,1983,24
Tanzania,1985,55
USA,1987,153870
Uganda,1982,215
Uganda,1991,776
Venezuela,1987,3417
Venezuela,1990,6334
Zaire,1988,3301
Zaire,1991,6131
Zambia,1983,316
Zambia,1985,246
Zimbabwe,1989,16003
Algeria,2001,0
Argentina,1994,937
Argentina,1996,723
Argentina,1999,38515
Armenia,1996,244
Australia,1993,247433
Australia,1997,314090
Australia,1999,299750
Bolivia,1993,10423
Bolivia,1998,14444
Bolivia,1999,11786
Bolivia,2002,11269
Brazil,1994,70535
Brazil,1999,51422
Brazil,2002,41662
Bulgaria,1994,299
Bulgaria,1996,1776
Burkina Faso,2001,229
Burundi,2001,415
Canada,1995,152032
Canada,1997,171376
Canada,1999,157755
Central African Republic,1993,171
Central African Republic,1994,138
Chile,1996,53174
China,1996,145333
China,1998,177620
Colombia,1994,20760
Colombia,1999,34599
Colombia,2001,21813
Congo,,
Congo,,
Costa Rica,1994,370
Costa Rica,2002,100
Cuba,2001,1000
Dominican Republic,1995,3288
Dominican Republic,1997,2350
Dominican Republic,1998,1421
Ecuador,1993,12500
Ecuador,2000,2871
Ecuador,2002,2750
Ethiopia,1999,2928
Fiji,1993,3815
Fiji,2001,4907
Finland,1996,1670
Finland,2000,1600
Finland,2002,1300
France,1993,3034
France,1994,5102
France,1998,3793
France (French Guiana),1998,2735
France (French Guiana),1999,2972
France (French Guiana),2001,4062
Gabon,1992,70
Georgia,1995,500
Ghana,2001,70049
Ghana,2002,69575
Greenland,2000,0
Guinea,1993,3864
Guyana,1995,9005
Honduras,1996,142
Honduras,2002,4984
India,1993,2075
India,1996,2710
India,1998,2683
Indonesia,1995,62818
Indonesia,1997,89979
Indonesia,2000,127192
Iran,1995,370
Iran,1999,760
Iran,2002,650
Italy,1997,331
Ivory Coast,1998,3400
Japan,1993,9352
Japan,1994,9551
Japan,1995,9185
Japan,1997,8384
Kenya,1993,154
Kenya,1996,492
Kenya,1998,388
Korea (Rep. of),1992,6220
Korea (Rep. of),1993,1438
Korea (Rep. of),1995,1226
Korea (Rep. of),1997,611
Korea,,
Korea,,
Laos,2002,0
Liberia,1992,700
Liberia,1993,700
Liberia,1997,500
Liberia,1999,25
Malaysia,1995,3162
Malaysia,1999,3449
Mali,2001,41273
Mali,2002,56019
Mauritania,1992,702
Mauritania,1993,1266
Mexico,1993,11121
Mexico,1994,14642
Mexico,1999,23755
Mexico,2001,23543
Morocco,1996,482
Morocco,1998,450
Mozambique,1993,149
Namibia,1994,2394
New Zealand,1994,10180
New Zealand,1995,12132
New Zealand,2001,9851
Nicaragua,1995,1518
Nicaragua,1998,3834
Nicaragua,2001,3840
Niger,2001,30
Niger,2002,28
Nigeria,2000,52
Oman,1996,592
Oman,1997,584
Oman,2000,551
Oman,2001,603
Panama,1992,250
Panama,1993,266
Panama,1995,283
Panama,2000,0
Papua New Guinea,1993,60587
Peru,1999,128486
Peru,2000,132585
Philippines,1993,24917
Philippines,1999,31050
Poland,1998,409
Poland,2000,367
Romania,1992,3700
Romania,1996,4000
Romania,1998,2000
Romania,2002,1137
Russia,1997,123937
Russia,2001,152641
Rwanda,1999,10
Saudi Arabia,1994,7630
Senegal,1998,550
Senegal,1999,550
Serbia and Montenegro,1992,7330
Serbia and Montenegro,1993,3504
Serbia and Montenegro,1995,2856
Serbia and Montenegro,1996,3250
Serbia and Montenegro,2001,0
Sierra Leone,1993,157
Slovakia,1995,518
Slovakia,1998,340
Solomon Islands,1998,1415
South Africa,1996,498250
South Africa,1998,465100
South Africa,2000,430778
Spain,1992,6572
Sudan,1994,2500
Sudan,1995,3700
Sudan,2002,5258
Sweden,1995,6528
Sweden,1999,4202
Tajikistan,1992,500
Tajikistan,1993,1100
Tajikistan,1994,500
Tajikistan,2000,2700
Tanzania,1997,232
Tanzania,1998,427
Turkey,1993,1110
Turkey,1995,1200
Turkey,2001,1100
USA,1993,331013
Uganda,1998,5029
Uganda,2001,6090
Ukraine,1999,24
Uzbekistan,2002,85636
Venezuela,1992,8547
Venezuela,1994,10094
Venezuela,1997,22322
Venezuela,1999,5946
Venezuela,2000,7332
Vietnam,1998,1800
Zambia,1996,109
Zambia,2000,100
Zimbabwe,1992,18278
Zimbabwe,1996,24699
Zimbabwe,2002,15669
Algeria,2006,377
Algeria,2011,340
Argentina,2012,54651
Armenia,2011,2125
Armenia,2012,1941
Australia,2009,223504
Australia,2011,258699
Azerbaijan,2008,0
Bolivia,2006,9628
Botswana,2003,9
Botswana,2008,3176
Botswana,2013,1206
Brazil,2003,40416
Brazil,2009,60330
Brazil,2010,62047
Bulgaria,2005,3868
Bulgaria,2007,3964
Bulgaria,2011,5302
Burkina Faso,2004,1008
Burkina Faso,2006,1571
Burkina Faso,2007,2250
Burundi,2012,2147
Cameroon,2005,600
Cameroon,2008,600
Cameroon,2013,1000
Canada,2008,96501
Central African Republic,2005,15
Chad,2006,150
Chad,2007,150
Chile,2005,40447
Chile,2006,42100
Chile,2010,39494
Chile,2013,51309
China,2005,255000
China,2006,247500
China,2008,285000
China,2011,360960
China,2012,403050
Colombia,2003,46515
Colombia,2009,47838
Colombia,2010,53606
Congo,2004,60
Costa Rica,2004,150
Costa Rica,2010,300
Costa Rica,2011,500
Dominican Republic,2009,425
Ecuador,2003,4819
Ecuador,2005,5338
Ecuador,2007,4588
Egypt,2006,0
Egypt,2007,0
Egypt,2009,0
Equatorial Guinea,2004,150
Equatorial Guinea,2008,200
Eritrea,2009,30
Ethiopia,2007,4368
Ethiopia,2010,6003
Ethiopia,2012,12581
Fiji,2004,4033
Fiji,2007,29
Finland,2003,1200
Finland,2008,1368
Finland,2011,6674
France (French Guiana),2003,3296
Gabon,2012,684
Georgia,2003,2386
Georgia,2006,2400
Ghana,2008,80503
Ghana,2011,90959
Greece,2010,0
Greece,2011,0
Greece,2013,822
Greenland,2004,1560
Greenland,2010,0
Guatemala,2004,0
Guatemala,2005,741
Guatemala,2006,5036
Guatemala,2010,9213
Guatemala,2011,11898
Guatemala,2012,6473
Guatemala,2013,6386
Guinea,2003,16631
Guinea,2010,24836
Guinea,2013,18322
Guyana,2004,11478
Guyana,2005,5668
Guyana,2006,6405
Honduras,2007,3012
Honduras,2008,1846
Honduras,2010,2200
India,2005,3047
India,2006,2488
India,2012,1588
Indonesia,2003,141019
Indonesia,2012,69291
Iran,2012,1179
Iran,2013,1656
Ivory Coast,2004,1219
Ivory Coast,2007,1243
Japan,2003,8122
Japan,2008,6868
Kazakhstan,2006,21824
Kazakhstan,2011,36670
Kazakhstan,2013,42552
Kenya,2013,2100
Korea (Rep. of),2011,209
Korea (Rep. of),2013,413
Korea,,
Kyrgyzstan,2005,16751
Kyrgyzstan,2009,17100
Kyrgyzstan,2013,19400
Laos,2007,4161
Liberia,2011,449
Madagascar,2005,10
Madagascar,2006,30
Madagascar,2010,46
Madagascar,2011,50
Malaysia,2003,4739
Malaysia,2005,4250
Malaysia,2009,2794
Malaysia,2011,4219
Malaysia,2012,4625
Mali,2004,37911
Mali,2012,46900
Mauritania,2006,322
Mauritania,2007,2332
Mexico,2004,21818
Mexico,2007,39355
Mexico,2011,88649
Mexico,2013,119774
Mongolia,2003,11119
Mongolia,2009,9803
Mongolia,2012,5995
Morocco,2011,520
Mozambique,2013,91
Myanmar,2010,100
Myanmar,2012,787
Namibia,2009,2057
New Zealand,2009,13073
New Zealand,2013,12468
Nicaragua,2011,6395
Nicaragua,2013,8611
Niger,2003,34
Niger,2004,1590
Niger,2009,1985
Niger,2010,1950
Nigeria,2005,40
Nigeria,2010,3718
Oman,2003,4
Oman,2006,358
Oman,2007,248
Panama,2009,973
Panama,2010,1667
Panama,2011,2057
Panama,2013,1120
Papua New Guinea,2006,58349
Papua New Guinea,2009,68173
Papua New Guinea,2010,66901
Papua New Guinea,2013,61878
Peru,2005,207822
Peru,2006,202822
Peru,2008,179870
Philippines,2003,37844
Philippines,2006,36141
Philippines,2009,37047
Philippines,2013,17248
Poland,2008,902
Poland,2010,500
Romania,2012,500
Russia,2003,170068
Saudi Arabia,2006,5182
Saudi Arabia,2008,4527
Saudi Arabia,2010,4400
Saudi Arabia,2011,4611
Saudi Arabia,2012,4285
Senegal,2003,600
Senegal,2011,4089
Serbia,2011,1534
Sierra Leone,2005,48
Sierra Leone,2006,71
Sierra Leone,2011,164
Sierra Leone,2012,141
Sierra Leone,2013,96
Slovakia,2012,546
Solomon Islands,2007,93
Solomon Islands,2008,141
Solomon Islands,2009,130
South Africa,2007,252345
Spain,2006,1565
Suriname,2008,10290
Suriname,2011,12605
Sweden,2012,6015
Taiwan,2005,0
Taiwan,2013,4
Tajikistan,2003,2370
Tanzania,2004,48176
Tanzania,2010,39448
Tanzania,2011,37085
Thailand,2006,3470
Turkey,2003,5370
Turkey,2009,14470
Turkey,2013,33980
USA,2007,238136
USA,2012,234623
Uganda,2003,4160
Uganda,2004,1447
Uganda,2005,1500
Uganda,2006,2192
Uganda,2013,5
United Kingdom,2006,0
United Kingdom,2009,187
Uruguay,2011,1702
Uzbekistan,2003,84610
Uzbekistan,2010,90000
Venezuela,2007,11809
Venezuela,2008,10815
Vietnam,2010,1034
Zambia,2005,443
Zambia,2008,1693
Zimbabwe,2003,11514
Zimbabwe,2005,14024
Zimbabwe,2006,11354
Zimbabwe,2008,3579
Zimbabwe,2012,14743
Argentina,2015,60960
Argentina,2019,53092
Armenia,2021,3400
Australia,2014,271856
Australia,2020,327952
Australia,2021,307577
Azerbaijan,2018,3476
Azerbaijan,2019,3712
Azerbaijan,2021,3427
Benin,2015,6
Benin,2021,5
Benin,2022,5
Botswana,2014,958
Botswana,2016,833
Botswana,2022,426
Bulgaria,2022,11183
Burundi,2016,396
Cameroon,2021,450
Cameroon,2022,175
Canada,2018,194155
Chile,2014,46031
Chile,2017,37911
Chile,2019,38455
Chile,2020,33895
Chile,2022,30966
Colombia,2016,63157
Colombia,2019,38006
Colombia,2022,42142
Congo,2016,150
Congo,2022,150
Congo,,
Costa Rica,2017,4255
Cyprus,2017,48
Dominican Republic,2015,31134
Dominican Republic,2016,37932
Ecuador,2015,7723
Ecuador,2019,6293
Ecuador,2022,15111
Egypt,2016,17139
Egypt,2022,13716
Equatorial Guinea,2018,200
Eritrea,2014,840
Eritrea,2022,3300
Eswatini (Swaziland),2015,0
Eswatini (Swaziland),2021,0
Ethiopia,2021,9190
Fiji,2019,1106
Fiji,2020,1090
Finland,2018,8732
Finland,2021,9082
France (French Guiana),2014,6830
France (French Guiana),2022,10000
Gabon,2016,1070
Georgia,2019,4052
Georgia,2021,3513
Germany,2015,0
Germany,2016,0
Germany,2017,0
Ghana,2014,137861
Ghana,2016,114488
Ghana,2017,133303
Ghana,2019,143940
Greece,2014,552
Greece,2017,1571
Greece,2020,3440
Guatemala,2019,100
Guinea,2021,100958
Guyana,2016,22167
Guyana,2019,19963
Honduras,2014,2839
Honduras,2016,2607
India,2017,1651
Indonesia,2015,92171
Indonesia,2022,85203
Ivory Coast,2021,39779
Kazakhstan,2016,74737
Kazakhstan,2019,106559
Kenya,2017,503
Kenya,2018,5472
Kenya,2020,5150
Korea (Rep. of),2017,283
Korea (Rep. of),2020,189
Korea (Rep. of),2022,76
Korea,,
Kyrgyzstan,2014,18000
Kyrgyzstan,2017,20500
Laos,2017,5988
Liberia,2021,7860
Malaysia,2015,4732
Malaysia,2019,3151
Mali,2017,51500
Mali,2020,65000
Mauritania,2021,6302
Mexico,2014,117771
Mongolia,2015,20828
Morocco,2017,220
Morocco,2022,167
Mozambique,2014,197
Mozambique,2017,166
Mozambique,2021,764
Mozambique,2022,1264
Myanmar,2015,1692
Myanmar,2017,1446
Myanmar,2019,229
Namibia,2014,4553
Namibia,2016,6756
Namibia,2020,6254
Namibia,2021,7103
New Zealand,2014,11989
Niger,2018,6207
Niger,2020,2361
Niger,2022,2601
Nigeria,2021,3000
North Macedonia,2018,767
Panama,2014,100
Panama,2019,1969
Papua New Guinea,2015,57640
Papua New Guinea,2019,74386
Peru,2014,140090
Philippines,2014,18423
Philippines,2016,23053
Philippines,2020,17564
Poland,2016,402
Romania,2018,500
Romania,2019,500
Romania,2020,500
Russia,2021,313830
Rwanda,2016,4900
Rwanda,2021,6341
Saudi Arabia,2020,12715
Serbia,2014,1310
Solomon Islands,2014,603
South Africa,2018,117150
South Africa,2022,88883
South Sudan,2014,200
Spain,2017,1605
Sudan,2019,55400
Sudan,2022,41800
Suriname,2016,12926
Sweden,2018,7866
Sweden,2020,8249
Sweden,2022,8054
Taiwan,2020,3
Tajikistan,2022,9300
Tanzania,2021,59638
Tanzania,2022,56943
Thailand,2015,3305
Togo,2020,3565
Turkey,2019,38000
USA,2016,232230
Uganda,2018,12
Uganda,2021,7
United Kingdom,2014,0
United Kingdom,2018,0
United Kingdom,2019,50
United Kingdom,2021,79
Uruguay,2014,1715
Uruguay,2016,993
Uruguay,2018,465
Uruguay,2021,0
Uzbekistan,2018,92716
Uzbekistan,2021,100360
Venezuela,2017,16770
Venezuela,2020,30000
Vietnam,2014,728
Vietnam,2017,557
Vietnam,2018,570
Zambia,2021,3987
Argentina,1976,181
Argentina,1977,171
Australia,1975,16386
Australia,1976,15637
Australia,1980,17035
Bolivia,1977,431
Bolivia,1980,1620
Brazil,1973,6358
Cambodia,1972,124
Cambodia,1974,124
Cambodia,1975,15
Canada,1973,60788
Canada,1974,52826
Canada,1975,51433
Canada,1976,52621
Canada,1979,51142
Central African Republic,1978,30
Chile,1978,3182
China,1970,1500
China,1971,1500
China,1972,1500
China,1976,2500
China,1979,40000
Colombia,1974,8244
Colombia,1980,15877
Congo,1975,216
Congo,1980,2
Costa Rica,1975,560
Ecuador,1971,344
Ecuador,1975,254
Ecuador,1978,80
El Salvador,1972,89
El Salvador,1979,85
Ethiopia,1970,849
Ethiopia,1971,660
Ethiopia,1973,780
Ethiopia,1975,621
Ethiopia,1978,240
Fiji,1975,2138
Fiji,1977,1519
Fiji,1980,774
Finland,1970,633
Finland,1972,548
Finland,1977,852
France,1971,2041
France (French Guiana),1971,72
France (French Guiana),1972,31
France (French Guiana),1979,62
Gabon,1971,427
Gabon,1978,30
German Federal Republic,1976,76
German Federal Republic,1979,73
Ghana,1970,22240
Ghana,1973,22669
Ghana,1974,19098
Ghana,1978,12505
Ghana,1980,10981
Guyana,1970,138
Haiti,1970,90
Haiti,1971,90
Honduras,1978,71
Honduras,1980,63
India,1970,3241
India,1972,3290
India,1975,2825
India,1979,2637
Japan,1973,5838
Japan,1975,4464
Japan,1980,3183
Kenya,1976,1
Korea (Rep. of),1971,894
Korea (Rep. of),1980,1282
Liberia,1974,93
Liberia,1975,140
Madagascar,1970,17
Madagascar,1978,4
Malaysia,1976,141
Malaysia,1978,210
Malaysia,1980,2050
Mali,1979,31
Mauritania,1974,1620
Mauritania,1978,250
Mexico,1970,6166
Mexico,1973,4123
Mexico,1977,6616
New Zealand,1971,266
New Zealand,1977,223
New Zealand,1978,219
New Zealand,1980,200
Nicaragua,1975,2186
Papua New Guinea,1970,740
Papua New Guinea,1975,19827
Papua New Guinea,1977,22839
Papua New Guinea,1979,20172
Philippines,1970,18747
Philippines,1973,17802
Philippines,1976,15589
Philippines,1978,18243
Romania,1974,1900
Romania,1976,1900
Rwanda,1979,15
Rwanda,1980,46
Sierra Leone,1980,13
Solomon Islands,1972,20
Solomon Islands,1977,14
South Africa,1971,976297
South Africa,1975,713447
South Africa,1977,699887
Soviet Union,1970,346700
Soviet Union,1972,378900
Spain,1971,4748
Sudan,1979,10
Sudan,1980,10
Suriname,1970,36
Suriname,1971,20
Suriname,1976,1
Sweden,1972,1790
Taiwan,1974,710
Taiwan,1978,417
USA,1970,54223
USA,1973,36571
USA,1976,32598
Venezuela,1974,515
Yugoslavia,1972,3920
Yugoslavia,1978,4434
Zaire,1980,2237
Zambia,1973,265
Zambia,1974,265
Argentina,1981,459
Australia,1982,26961
Australia,1984,40309
Australia,1986,75079
Bolivia,1981,2064
Bolivia,1983,1531
Bolivia,1988,4891
Bolivia,1991,3501
Botswana,1981,10
Botswana,1984,18
Botswana,1986,25
Brazil,1982,25517
Brazil,1985,29673
Brazil,1989,52378
Brazil,1990,101728
Burkina Faso,1984,700
Burkina Faso,1985,1600
Burkina Faso,1989,4085
Burkina Faso,1990,2715
Cameroon,1983,8
Canada,1981,52034
Canada,1988,135889
Central African Republic,1987,224
Chile,1984,16829
Chile,1988,20614
Chile,1990,27503
China,1982,56000
China,1987,72000
China,1989,90000
China,1990,100000
China,1991,120000
Colombia,1983,13642
Colombia,1984,24880
Costa Rica,1982,985
Costa Rica,1984,595
Costa Rica,1985,1073
Costa Rica,1987,336
Dominican Republic,1983,11012
Ecuador,1981,73
Ecuador,1983,1200
Ecuador,1990,10710
Ethiopia,1981,371
Ethiopia,1982,492
Ethiopia,1991,3038
Fiji,1984,1676
Fiji,1987,2866
Fiji,1990,4116
Finland,1987,708
France,1982,2180
France,1983,2744
France,1986,2360
France (French Guiana),1985,407
France (French Guiana),1986,326
France (French Guiana),1989,544
Gabon,1982,20
Gabon,1988,138
Gabon,1990,150
German Federal Republic,1986,60
German Federal Republic,1988,30
Ghana,1981,10595
Ghana,1986,8950
Guinea,1987,74
Guyana,1988,585
Honduras,1985,157
Honduras,1991,180
Hungary,1982,1500
Hungary,1986,600
Hungary,1989,600
Hungary,1990,600
Hungary,1991,500
India,1989,1827
India,1990,1983
Indonesia,1987,3752
Indonesia,1991,11275
Japan,1986,10280
Kenya,1981,1
Kenya,1983,3
Korea (Rep. of),1991,20809
Korea,,
Korea,,
Liberia,1988,677
Malaysia,1982,2812
Malaysia,1983,2628
Malaysia,1987,3516
Malaysia,1989,2860
Mexico,1985,7524
Mexico,1987,7988
Mexico,1989,8613
Myanmar,1990,26
Namibia,1985,194
Namibia,1986,184
Namibia,1988,240
Namibia,1989,336
Nicaragua,1985,753
Nicaragua,1986,893
Nicaragua,1987,948
Nicaragua,1988,881
Oman,1990,54
Papua New Guinea,1984,18573
Papua New Guinea,1985,31025
Papua New Guinea,1987,35937
Papua New Guinea,1989,31137
Peru,1983,5242
Peru,1987,8933
Peru,1989,9898
Philippines,1982,25954
Philippines,1985,33063
Philippines,1991,25916
Portugal,1986,303
Romania,1983,2000
Rwanda,1986,6
Sierra Leone,1991,26
Solomon Islands,1982,41
Solomon Islands,1984,80
South Africa,1985,672944
South Africa,1988,621000
Soviet Union,1982,266000
Soviet Union,1987,260000
Soviet Union,1989,304000
Soviet Union,1990,302000
Spain,1987,5505
Sudan,1986,53
Sweden,1984,4408
Sweden,1986,4514
Sweden,1990,6326
Sweden,1991,6247
Taiwan,1986,910
Tanzania,1982,7
Tanzania,1987,201
USA,1983,62287
USA,1984,64840
Uganda,1990,75
Venezuela,1991,6733
Yugoslavia,1982,3592
Yugoslavia,1984,3892
Yugoslavia,1990,8190
Zaire,1981,2027
Zambia,1982,418
Zambia,1986,58
Zambia,1988,262
Zimbabwe,1983,14101
Zimbabwe,1984,14877
Zimbabwe,1986,14853
Argentina,1997,2289
Armenia,1995,300
Armenia,2001,1900
Armenia,2002,3200
Australia,1994,254874
Australia,2000,296420
Australia,2002,266140
Bolivia,1992,4688
Bolivia,1994,12790
Bolivia,1995,14405
Brazil,1993,74219
Brazil,1995,62424
Brazil,2001,42884
Bulgaria,1999,1524
Bulgaria,2000,1720
Bulgaria,2001,1700
Burkina Faso,1992,900
Burkina Faso,2002,209
Burundi,1992,32
Burundi,1993,20
Burundi,1994,1000
Burundi,1996,2256
Burundi,1998,0
Cameroon,1994,10
Cameroon,1996,1000
Cameroon,1997,1000
Cameroon,1998,1000
Cameroon,2000,1000
Cameroon,2001,600
Canada,1998,165599
Central African Republic,1992,155
China,1994,160000
China,2000,176910
Colombia,1998,18813
Dominican Republic,1993,247
Dominican Republic,1996,3659
Ecuador,1992,12300
Ecuador,1997,3069
Ecuador,1998,1474
Ecuador,1999,2026
Eritrea,1995,59
Eritrea,1996,98
Eritrea,2001,107
Ethiopia,1994,2450
Ethiopia,1996,199
Ethiopia,2002,3670
Finland,1995,1050
France,1999,3567
Gabon,2000,70
Ghana,1992,31038
Ghana,1996,48271
Ghana,2000,78399
Guatemala,1999,4449
Guyana,1992,2475
Guyana,1994,11683
Guyana,1999,13159
Honduras,1993,111
Honduras,1997,150
Honduras,2000,878
Honduras,2001,3553
India,1995,2036
India,2001,2810
Indonesia,1998,124019
Iran,1994,723
Jamaica,2001,214
Japan,2001,8162
Japan,2002,8563
Kazakhstan,1993,13700
Kenya,1995,151
Kenya,2002,1477
Korea (Rep. of),2002,188
Korea,,
Korea,,
Kyrgyzstan,1997,16860
Laos,2000,0
Liberia,1998,800
Mali,1992,6100
Mali,1996,4329
Mali,1999,23688
Mauritania,1995,1196
Mexico,1997,25317
Mongolia,1993,1200
Mongolia,1996,6976
Mongolia,1997,8451
Mongolia,2000,11485
Namibia,1997,2417
Namibia,1999,2005
Namibia,2001,2852
New Zealand,2000,9880
Niger,1995,100
Niger,1999,21
Oman,1992,387
Oman,1998,579
Panama,2001,0
Papua New Guinea,1998,61641
Papua New Guinea,2001,67043
Papua New Guinea,2002,61379
Peru,1993,30318
Peru,1995,57743
Philippines,2000,36541
Romania,2000,1200
Russia,1993,144196
Russia,1994,136818
Russia,1998,113807
Russia,1999,125870
Russia,2000,142500
Russia,2002,168393
Rwanda,1992,1000
Saudi Arabia,1996,7530
Saudi Arabia,1997,7260
Saudi Arabia,1999,4579
Senegal,2000,550
Senegal,2001,550
Serbia,2002,0
Serbia and Montenegro,1994,2437
Serbia and Montenegro,1998,2684
Slovakia,1996,492
Slovakia,1999,363
Slovakia,2000,306
Slovakia,2002,77
Sweden,1996,6145
Sweden,2001,4986
Tanzania,1992,4525
Thailand,1992,0
Thailand,2000,0
Turkey,1992,1250
USA,1994,326553
USA,1997,362295
USA,2002,298000
Uganda,1993,104
Uganda,1994,216
Uganda,1997,6819
Uganda,1999,5558
Uganda,2002,7590
Ukraine,2000,135
Uruguay,2000,2240
Uzbekistan,1993,66600
Uzbekistan,1995,63600
Venezuela,1995,7259
Venezuela,2002,9465
Vietnam,1999,1900
Vietnam,2001,3000
Vietnam,2002,2000
Zambia,1994,165
Zambia,1998,210
Zambia,1999,79
Zambia,2002,140
Zimbabwe,1993,18565
Zimbabwe,1994,20512
Zimbabwe,1998,25175
Zimbabwe,2001,18050
Algeria,2003,365
Algeria,2008,647
Algeria,2010,723
Algeria,2013,140
Argentina,2004,28496
Argentina,2011,59140
Armenia,2004,2112
Australia,2003,282000
Australia,2007,247355
Australia,2010,256713
Azerbaijan,2010,2092
Azerbaijan,2011,1775
Benin,2003,20
Benin,2013,30
Bolivia,2009,7217
Botswana,2006,3020
Brazil,2005,38293
Brazil,2011,65200
Bulgaria,2009,4482
Bulgaria,2010,4489
Burkina Faso,2003,780
Burkina Faso,2012,29877
Burundi,2010,2933
Cameroon,2009,600
Canada,2005,120541
Canada,2007,102377
Canada,2009,97235
Canada,2010,102693
Canada,2013,133636
Central African Republic,2013,55
Chile,2004,39986
Colombia,2008,34321
Congo,2006,30
Congo,,
Congo,,
Congo,,
Congo,,
Costa Rica,2006,1850
Costa Rica,2009,205
Cyprus,2013,0
Dominican Republic,2006,0
Dominican Republic,2013,26084
Ecuador,2011,4924
Egypt,2011,6305
Equatorial Guinea,2005,200
Equatorial Guinea,2006,200
Equatorial Guinea,2007,200
Equatorial Guinea,2009,200
Equatorial Guinea,2010,200
Equatorial Guinea,2011,200
Equatorial Guinea,2013,200
Eritrea,2008,32
Eritrea,2011,11788
Eritrea,2012,9735
Ethiopia,2011,10322
Fiji,2003,3517
Fiji,2008,700
Fiji,2012,1439
Finland,2010,5896
France (French Guiana),2005,2576
France (French Guiana),2007,2844
Gabon,2009,300
Gabon,2010,300
Georgia,2004,1377
Georgia,2007,3100
Georgia,2013,4300
Ghana,2003,70756
Greenland,2006,2324
Greenland,2008,1648
Greenland,2012,307
Guatemala,2009,8550
Guinea,2004,11100
Guinea,2006,16364
Guinea,2007,15303
Guyana,2012,13643
Honduras,2005,4439
India,2003,3457
India,2008,2438
India,2010,2399
Indonesia,2009,140488
Indonesia,2010,119726
Iran,2004,900
Iran,2005,275
Iran,2006,850
Iran,2011,915
Ivory Coast,2005,1638
Ivory Coast,2006,1323
Kazakhstan,2007,22564
Kazakhstan,2009,22839
Kazakhstan,2010,30272
Kenya,2005,616
Kenya,2011,1636
Kenya,2012,3600
Korea (Rep. of),2004,233
Korea (Rep. of),2007,162
Korea (Rep. of),2008,175
Korea (Rep. of),2009,274
Korea (Rep. of),2012,336
Korea,,
Laos,2003,5140
Liberia,2004,110
Liberia,2006,9
Liberia,2008,624
Liberia,2010,666
Madagascar,2008,50
Madagascar,2012,157
Mali,2006,58382
Mali,2007,52753
Mali,2011,41100
Mali,2013,46000
Mauritania,2005,0
Mauritania,2011,8198
Mexico,2008,50365
Mongolia,2008,15184
Mongolia,2010,6037
Mongolia,2013,8904
Morocco,2007,771
Mozambique,2006,85
Myanmar,2005,100
Namibia,2003,2508
Namibia,2004,2205
New Zealand,2004,10151
New Zealand,2005,10583
New Zealand,2006,10658
New Zealand,2011,11738
Nicaragua,2010,4877
Niger,2008,2314
Niger,2012,1677
Panama,2006,0
Peru,2004,173219
Peru,2010,164070
Philippines,2004,35464
Philippines,2005,37490
Philippines,2007,38792
Philippines,2012,15762
Poland,2003,356
Poland,2012,469
Romania,2005,500
Romania,2007,500
Romania,2009,500
Russia,2004,169297
Russia,2007,156912
Russia,2008,184488
Russia,2011,188748
Saudi Arabia,2003,8500
Saudi Arabia,2004,8268
Senegal,2012,6666
Serbia,2007,500
Serbia,2008,712
Serbia and Montenegro,2003,363
Sierra Leone,2004,24
Slovakia,2004,107
Slovakia,2005,109
Slovakia,2006,84
Slovakia,2008,198
Solomon Islands,2004,60
Solomon Islands,2010,130
South Africa,2008,212744
South Africa,2010,188702
South Africa,2011,180184
South Africa,2013,159724
Spain,2005,2145
Spain,2011,529
Sudan,2005,4739
Sudan,2010,34000
Sudan,2012,44500
Sudan,2013,70000
Sweden,2003,5900
Taiwan,2007,0
Tajikistan,2005,1927
Tajikistan,2006,1920
Tajikistan,2007,2000
Tajikistan,2008,1672
Tanzania,2005,47270
Tanzania,2006,39750
Tanzania,2008,36434
Tanzania,2012,39012
Thailand,2008,2721
Thailand,2009,5400
Thailand,2010,5300
Thailand,2011,5568
Thailand,2013,4419
Togo,2005,6179
Togo,2006,7184
Togo,2012,18551
Turkey,2007,9920
Turkey,2010,16890
USA,2008,233327
USA,2010,231249
United Kingdom,2012,102
Uruguay,2003,1550
Uruguay,2010,1705
Uzbekistan,2006,76620
Uzbekistan,2013,90000
Venezuela,2003,8190
Venezuela,2004,9690
Venezuela,2006,11600
Venezuela,2009,12232
Venezuela,2010,6991
Venezuela,2013,1679
Vietnam,2004,2000
Vietnam,2008,314
Zambia,2006,964
Zambia,2011,3493
Zimbabwe,2007,7018
Zimbabwe,2009,4966
Zimbabwe,2010,19240
Zimbabwe,2013,14001
Algeria,2015,106
Algeria,2019,70
Angola,2018,0
Angola,2019,23
Argentina,2018,58397
Argentina,2022,44500
Azerbaijan,2015,2229
Azerbaijan,2016,1895
Azerbaijan,2020,3571
Benin,2018,5
Bolivia,2014,34830
Bolivia,2019,42040
Botswana,2017,913
Botswana,2018,1105
Botswana,2020,851
Brazil,2017,80000
Brazil,2021,90000
Bulgaria,2015,7914
Burkina Faso,2016,38520
Burkina Faso,2019,51500
Cameroon,2015,795
Canada,2014,152460
Canada,2019,182783
Canada,2021,222524
Chile,2015,42501
Chile,2018,37066
China,2015,450053
China,2016,453490
China,2017,426142
China,2018,401119
China,2019,380230
Congo,,
Congo,,
Congo,,
Costa Rica,2018,3699
Costa Rica,2022,864
Cyprus,2018,47
Cyprus,2020,61
Cyprus,2022,0
Dominican Republic,2014,36085
Dominican Republic,2022,22177
Egypt,2015,13657
Egypt,2018,14694
Egypt,2020,14069
Equatorial Guinea,2014,200
Equatorial Guinea,2016,200
Equatorial Guinea,2019,200
Equatorial Guinea,2020,200
Eritrea,2015,753
Eritrea,2020,3019
Eswatini (Swaziland),2016,0
Eswatini (Swaziland),2019,6
Ethiopia,2019,3180
Ethiopia,2022,8680
Fiji,2016,1500
Fiji,2022,584
Finland,2019,7927
France (French Guiana),2016,6100
France (French Guiana),2020,10000
France (French Guiana),2021,11000
Gabon,2014,1078
Gabon,2017,600
Gabon,2019,107
Gabon,2020,371
Gabon,2022,1063
Germany,2019,10
Germany,2022,14
Ghana,2021,88013
Ghana,2022,108115
Greece,2018,2839
Greece,2019,2333
Greece,2022,3561
Guatemala,2016,3910
Guatemala,2018,100
Guatemala,2020,0
Guinea,2017,46847
Guinea,2019,27552
Guyana,2015,14029
Guyana,2017,20334
Guyana,2018,19069
Guyana,2022,15129
Honduras,2015,2736
Honduras,2022,1911
India,2020,1127
India,2021,1100
Indonesia,2016,80868
Indonesia,2019,108690
Indonesia,2020,65890
Iran,2016,4537
Iran,2020,6919
Ivory Coast,2015,23200
Ivory Coast,2018,24488
Ivory Coast,2022,47600
Japan,2014,7114
Japan,2018,6453
Japan,2021,6225
Kazakhstan,2020,116964
Kazakhstan,2021,114843
Kenya,2014,200
Kenya,2021,5292
Korea (Rep. of),2015,258
Korea (Rep. of),2018,239
Korea (Rep. of),2021,162
Korea,,
Korea,,
Korea,,
Korea,,
Kyrgyzstan,2018,19000
Laos,2014,5265
Laos,2019,5207
Laos,2020,3484
Laos,2022,4023
Liberia,2016,4704
Madagascar,2015,300
Madagascar,2017,2833
Madagascar,2018,3000
Madagascar,2019,2100
Mali,2014,45400
Mauritania,2017,9096
Mexico,2016,132413
Mexico,2018,141143
Mexico,2020,142787
Mongolia,2017,19849
Namibia,2015,6285
Namibia,2018,6632
New Zealand,2016,9866
New Zealand,2021,5815
Nicaragua,2020,7935
Niger,2016,999
North Macedonia,2016,664
North Macedonia,2020,448
Panama,2015,100
Papua New Guinea,2021,35584
Peru,2016,153006
Peru,2018,140211
Peru,2020,88053
Philippines,2017,22749
Philippines,2019,20646
Philippines,2021,25333
Romania,2014,500
Romania,2021,500
Russia,2017,270300
Russia,2020,308600
Rwanda,2014,319
Rwanda,2022,9470
Saudi Arabia,2016,7010
Saudi Arabia,2018,11831
Saudi Arabia,2022,13375
Senegal,2019,16100
Senegal,2022,16200
Serbia,2020,1550
Serbia,2021,4796
Sierra Leone,2015,106
Sierra Leone,2016,188
Sierra Leone,2020,14
Slovakia,2018,515
Slovakia,2019,346
Slovakia,2021,392
South Sudan,2017,200
South Sudan,2019,200
South Sudan,2020,200
South Sudan,2022,200
Spain,2016,1291
Spain,2020,1602
Sudan,2014,73300
Sudan,2021,49700
Sweden,2016,6463
Sweden,2017,7858
Sweden,2019,7972
Taiwan,2018,4
Tajikistan,2014,3436
Tajikistan,2019,8100
Tajikistan,2020,8764
Tajikistan,2021,8400
Tanzania,2020,55508
Togo,2017,20000
Togo,2018,10000
Togo,2022,3600
Turkey,2016,24030
Turkey,2018,28000
Turkey,2021,39290
USA,2014,210077
USA,2017,236986
USA,2019,200370
Uganda,2014,24
Uganda,2015,13
Uganda,2020,7
United Kingdom,2022,266
Uruguay,2022,0
Uzbekistan,2014,100000
Uzbekistan,2015,88000
Uzbekistan,2016,89000
Uzbekistan,2017,89900
Vietnam,2015,579
Vietnam,2022,1114
Zambia,2018,4044
Zambia,2019,4522
Zambia,2022,3108
Zimbabwe,2015,20023
Zimbabwe,2018,35054
Zimbabwe,2021,31477
Angola,1975,31
Argentina,1978,174
Argentina,1979,315
Australia,1972,23361
Australia,1978,20142
Bolivia,1973,1152
Bolivia,1975,1649
Brazil,1970,5830
Brazil,1980,13752
Burundi,1976,13
Cambodia,1971,124
Cambodia,1976,30
Cameroon,1975,3
Cameroon,1980,2
Central African Republic,1977,3
Central African Republic,1979,68
China,1974,1500
China,1975,1500
Colombia,1975,9624
Congo,1970,82
Congo,1973,39
Costa Rica,1978,500
Costa Rica,1979,520
Costa Rica,1980,560
Dominican Republic,1976,12871
Dominican Republic,1980,11496
Ecuador,1972,393
El Salvador,1974,190
El Salvador,1978,113
Finland,1973,615
Finland,1975,690
Finland,1980,1303
France,1973,2694
France,1975,1556
France (French Guiana),1976,88
Gabon,1970,501
Gabon,1976,96
Gabon,1980,17
German Federal Republic,1970,30
German Federal Republic,1975,66
German Federal Republic,1980,92
Ghana,1971,21695
Ghana,1975,16326
Ghana,1979,11094
Guyana,1973,235
Guyana,1974,381
Guyana,1977,370
Guyana,1979,329
Honduras,1977,77
Indonesia,1974,265
Indonesia,1975,329
Japan,1970,7937
Japan,1972,7559
Korea (Rep. of),1973,506
Korea (Rep. of),1976,583
Korea (Rep. of),1977,665
Korea,,
Korea,,
Liberia,1977,2
Liberia,1978,0
Liberia,1980,225
Madagascar,1971,13
Malaysia,1975,114
Mauritania,1973,1740
Mexico,1971,4694
Mexico,1980,6096
New Zealand,1970,319
New Zealand,1974,146
New Zealand,1979,218
Nicaragua,1974,2570
Nicaragua,1979,1900
Papua New Guinea,1976,20759
Peru,1976,2470
Peru,1979,4155
Peru,1980,3870
Philippines,1974,16682
Portugal,1970,373
Portugal,1973,456
Portugal,1978,284
Portugal,1980,244
Romania,1970,1900
Romania,1980,2000
Solomon Islands,1975,25
South Africa,1970,1000417
South Africa,1979,703473
Soviet Union,1971,359800
Soviet Union,1978,250000
Spain,1976,4317
Spain,1978,344
Suriname,1973,2
Suriname,1975,5
Sweden,1973,2517
Sweden,1979,2308
Taiwan,1975,688
Taiwan,1980,413
Tanzania,1972,7
Tanzania,1974,2
Tanzania,1979,9
USA,1972,45099
USA,1974,35051
Venezuela,1975,570
Yugoslavia,1976,4427
Zaire,1972,2539
Zambia,1977,207
Zambia,1979,247
Zimbabwe,1980,11443
Central African Republic,2000,15
Chile,1994,38786
Chile,1998,44980
Congo,,
Costa Rica,1998,636
Costa Rica,2000,51
Cuba,2000,1000
Cuba,2002,1000
Dominican Republic,1992,2229
Fiji,1992,3693
Fiji,1994,3536
Fiji,1997,4671
